Date,Log_Return,Volatility,VaR_95,Std_Resid
2019-01-02,2.5657066653892,2.8481305561309096,-3.757044082656342,0.8712582617547198
2019-01-03,-2.7422321806191903,2.8642663970618263,-3.778806603435066,-0.9868082002856593
2019-01-04,0.5452331614920399,2.861160593576694,-3.774617784694896,0.1611177557536855
2019-01-05,-0.32514872489333,2.800201793784568,-3.6924022278607675,-0.14620307493771542
2019-01-06,5.84470890549067,2.740027495015094,-3.6112447330067674,2.102336391940059
2019-01-07,-1.26847005573864,3.0988919641241695,-4.09524773595955,-0.4365171355449416
2019-01-08,0.13901547706839998,3.039607489500312,-4.015290353113427,0.01801748727541225
2019-01-09,0.11030020343767,2.9694853789862043,-3.9207161754399626,0.008772838491794001
2019-01-10,-9.24592824929817,2.9018469200912316,-3.829491715962157,-3.2152549372965953
2019-01-11,0.22917701090906997,3.4341144061200626,-4.5473645726750345,0.042202328159687615
2019-01-12,-0.70936849314868,3.350391763579099,-4.43444726295761,-0.23687315900781936
2019-01-13,-3.00394317908949,3.273467970288337,-4.330699608463758,-0.9434008809383746
2019-01-14,4.21881015929432,3.258669584283698,-4.310740922437021,1.2687879714564787
2019-01-15,-2.05485633725466,3.37081303470774,-4.46198957322007,-0.6345963727543873
2019-01-16,0.66793014015456,3.318843761827533,-4.391898253793159,0.17586870435536076
2019-01-17,0.64244855803288,3.2426972235366835,-4.289198888518221,0.17214039170144713
2019-01-18,-0.5649816019731799,3.168954612860265,-4.189741717119856,-0.2048722904211213
2019-01-19,1.9151709058737798,3.0971440727657855,-4.092890342739783,0.5911644647627469
2019-01-20,-3.4808960768915003,3.0650282427075255,-4.049575499592704,-1.1631688788440888
2019-01-21,-0.6961443903655601,3.083966543533625,-4.075117717504139,-0.2530487173429129
2019-01-22,0.7950530556472599,3.0165767354243984,-3.984228615068747,0.2356325498025753
2019-01-23,-0.54116718394485,2.9534764183368436,-3.899124778978564,-0.2117560742540527
2019-01-24,0.4381431105509,2.8893205541787528,-3.8125973192201874,0.12248337147465066
2019-01-25,-0.030542026954440003,2.82618588580227,-3.7274471533079474,-0.04061707877574177
2019-01-26,0.07482631299655,2.7638435480462684,-3.643365609208829,-0.0034094096296410827
2019-01-27,-0.5147111803204,2.703694118922768,-3.562241656219153,-0.22153414616410969
2019-01-28,-3.21855631491487,2.6486943083906214,-3.4880630296042625,-1.2469561671409997
2019-01-29,-0.64561266610709,2.6818467467216744,-3.5327759535314276,-0.27214905355921754
2019-01-30,1.09787829709535,2.629110950309578,-3.4616508184910924,0.3855405604590079
2019-01-31,-0.8176606850343,2.588488606329342,-3.406863180912408,-0.3484311542392114
2019-02-01,0.8682382533651201,2.541807102558553,-3.3439035124238954,0.3084375933845986
2019-02-02,0.94494781257736,2.498984149169529,-3.2861478976452836,0.3444193213707698
2019-02-03,-1.63344382344483,2.4598280597318674,-3.2333378077560124,-0.6982980800032613
2019-02-04,-0.14038013125414,2.4373894865731534,-3.203074748228956,-0.09215987854860164
2019-02-05,0.20802425249577,2.390090981409119,-3.139282925674319,0.05178667492344416
2019-02-06,-1.52876937500927,2.344434786927808,-3.0777060989485885,-0.6880203159445014
2019-02-07,-0.41965833008426,2.3245644833995147,-3.0509068825169554,-0.21677510840714995
2019-02-08,7.56939360941562,2.2836702858226583,-2.9957525941036134,3.2776816636273427
2019-02-09,0.12056010064362001,3.017793646336029,-3.985869871270614,0.01203220534433338
2019-02-10,0.5157899926350801,2.9484302342443263,-3.8923189554310436,0.1463628339646308
2019-02-11,-1.13803481619818,2.883894043947392,-3.8052785471666235,-0.4238311759641601
2019-02-12,0.13963105132095,2.83072264921414,-3.7335659176439173,0.019564496554349692
2019-02-13,-0.589054366087,2.7681518492552475,-3.649176244984357,-0.24323223239080188
2019-02-14,-0.41908735831714006,2.7114427520230167,-3.5726922915205814,-0.18563428851510108
2019-02-15,0.10859628225894,2.65529170839059,-3.4969609888243345,0.00916919763577188
2019-02-16,0.24761573448372998,2.599196775342699,-3.4213053628633197,0.06285262748454669
2019-02-17,1.2062263719125,2.545594252359515,-3.3490112676743613,0.44075248169202824
2019-02-18,6.376138183178879,2.5119689487485912,-3.3036605870586677,2.5047637625095973
2019-02-19,0.79819551019113,2.9901878745357178,-3.94863777503286,0.23876296485146542
2019-02-20,1.32697650984958,2.9281428361032966,-3.864957200597152,0.4244079580828412
2019-02-21,-1.14918902823291,2.8815695113643844,-3.8021434339205826,-0.42804395700764264
2019-02-22,1.2917451356471998,2.8287000598179652,-3.7308380372719223,0.42687302375948094
2019-02-23,3.3630892863051502,2.7852908327902357,-3.672291711163237,1.177198395191072
2019-02-24,-8.35645682052934,2.864444253013712,-3.7790464789931546,-2.9467168716768932
2019-02-25,1.87884471459778,3.3029782799945595,-4.370500368208343,0.543326408672798
2019-02-26,-0.7325399279810699,3.2597317745725443,-4.312173505859908,-0.2505694861633999
2019-02-27,-0.08592791582575,3.1863212012053204,-4.213164155487519,-0.05340870956934779
2019-02-28,0.09701838898461,3.111170588545143,-4.111808002030567,0.00410424334414294
2019-03-01,0.12440007407157,3.0384708519800356,-4.0137573621922344,0.013214109406817337
2019-03-02,0.12509840035566,2.96837228968407,-3.919214944164197,0.013761418233670183
2019-03-03,-0.44710065489129996,2.900786304586045,-3.8280612564609338,-0.1831744868125356
2019-03-04,-2.25063140968977,2.8377629551510823,-3.7430612271785892,-0.8227892302475776
2019-03-05,3.5213632013155296,2.8168544112310143,-3.714861728716658,1.2201957615585006
2019-03-06,0.19403387629406,2.906722280088801,-3.8360671478658994,0.03776917018939482
2019-03-07,0.19299650258197,2.8414963063878367,-3.7480964239317047,0.03827107377666488
2019-03-08,-0.26502747112909997,2.778645848498626,-3.6633295746784027,-0.12570038715869586
2019-03-09,1.58138107108474,2.718914703235735,-3.5827697640378537,0.5506357670944765
2019-03-10,-0.2959950384815,2.690935347757961,-3.545033812898568,-0.1413056715028078
2019-03-11,-1.1804535394846298,2.6346769668778283,-3.4691577437105385,-0.48002200770268294
2019-03-12,0.10055701480754999,2.592660028123116,-3.4124892064695813,0.006289921095159983
2019-03-13,-0.06241055237001,2.538927737875615,-3.3400200932695885,-0.057764519244176846
2019-03-14,0.45081574649028,2.487428901737348,-3.2705632551452255,0.14736757236766485
2019-03-15,0.92684730316978,2.439735125660247,-3.2062383279637103,0.3453645055578211
2019-03-16,2.1928138916456,2.402674882794595,-3.1562549209084887,0.8775904384487552
2019-03-17,-0.58204171286497,2.424020424929468,-3.185043801899082,-0.2748702501912447
2019-03-18,0.18065426803683002,2.380807146338552,-3.126761752808618,0.04049251968224766
2019-03-19,0.9547038273959499,2.33542487598738,-3.065554369460488,0.3727178075997223
2019-03-20,0.39923569462326997,2.303710124275981,-3.022780463466598,0.1367300093444633
2019-03-21,-1.4328401790338599,2.262856447799454,-2.967680826142819,-0.6704312013752595
2019-03-22,-0.13307952232004,2.2442362455208946,-2.942567629952667,-0.0968386953725888
2019-03-23,0.29425471310986,2.204656971902447,-2.889186788618397,0.09525532905219332
2019-03-24,-0.3389978979623,2.1669814621718757,-2.838373566867456,-0.19531652353969706
2019-03-25,-1.48019957754375,2.1319345068028652,-2.791105494647697,-0.7338166160150674
2019-03-26,0.55384728228027,2.121517429822296,-2.777055910543974,0.22135000536645344
2019-03-27,2.5269802161778503,2.09041100333979,-2.7351024570130624,1.168540934998471
2019-03-28,-0.44037841400328,2.1598363136352052,-2.828736855390062,-0.24290164884039894
2019-03-29,0.71668258025052,2.126065820022032,-2.7831903560095244,0.2974664220131651
2019-03-30,0.20196495646782,2.0978769302196176,-2.745171804470707,0.056111760879803636
2019-03-31,-0.03058571670884,2.0641698653306304,-2.699710851851195,-0.0556325845278855
2019-04-01,1.27739984353123,2.0317954434146093,-2.656047244068804,0.5872394583787215
2019-04-02,16.0041979768394,2.0264210095113553,-2.6487987077207946,7.856190058389794
2019-04-03,1.89074929695092,4.737103960745597,-6.3047156384423815,0.38135112172258623
2019-04-04,-1.0150461847883798,4.635888399641701,-6.1682055079146725,-0.23712727266631844
2019-04-05,2.2870127391311,4.517971663311297,-6.0091703863157155,0.48755581386550306
2019-04-06,0.45830286380130003,4.438082198920227,-5.901422910602776,0.0842826832022683
2019-04-07,2.71160901487466,4.321960692910713,-5.744809028611239,0.6079091907013923
2019-04-08,1.7328472526209198,4.267738621492601,-5.671679344143341,0.3862930725219198
2019-04-09,-1.61632267879205,4.179716083516582,-5.552962735576084,-0.4068630578288856
2019-04-10,2.27168029339157,4.08608171050291,-5.426677406101342,0.5353370442800723
2019-04-11,-5.00755252871911,4.02379770089489,-5.342674529580682,-1.2654219458872837
2019-04-12,0.49342631676374,4.059859217006324,-5.391310946923129,0.10078598963374406
2019-04-13,0.13837183556812,3.9564423071463657,-5.251831842032687,0.013679574618409176
2019-04-14,1.38610176152909,3.854927053471479,-5.114917514052157,0.3377112862752233
2019-04-15,-1.96616856812461,3.773148141323254,-5.004621727020865,-0.5434236555603679
2019-04-16,3.27034095462472,3.7022267457959295,-4.908969548096477,0.8605879071125538
2019-04-17,0.31234202806835,3.710173182496939,-4.9196869624886315,0.061477626257533294
2019-04-18,0.8805048106449199,3.6173704233870003,-4.794523236464081,0.22011995721889419
2019-04-19,0.10237043606338,3.53371392406991,-4.681695134572271,0.005128046199741317
2019-04-20,0.64038360371139,3.4463612974630866,-4.563882040123333,0.16136851824464477
2019-04-21,-0.43849235036379003,3.3653384329201685,-4.454605939750494,-0.15533110520307386
2019-04-22,1.5836583357513498,3.2855454444992187,-4.34698858184879,0.4563653047190795
2019-04-23,3.15376787102419,3.2321562775085093,-4.274982241369324,0.9496813333500792
2019-04-24,-1.94793465759453,3.2621265765635545,-4.315403391944769,-0.6229629653241072
2019-04-25,-4.76609104068952,3.211912637770611,-4.247679503797779,-1.5101096995777015
2019-04-26,1.31238134231583,3.2931603641637444,-4.35725887691039,0.37293414796203456
2019-04-27,-0.20966081203076997,3.2311207159929474,-4.273585572357988,-0.09096230864420969
2019-04-28,0.31929256297154,3.154789430959852,-4.170637037868123,0.0745036016860077
2019-04-29,-0.7175278992262301,3.0812005111115064,-4.071387150357456,-0.2602158749938279
2019-04-30,1.95086866231992,3.0141543066912146,-3.980961468604761,0.6192845768951091
2019-05-01,0.9665964737195001,2.9876777291073484,-3.9452523244526025,0.2953287355323445
2019-05-02,1.8809979754905701,2.929071870615684,-3.8662101958991353,0.6134190853121052
2019-05-03,4.66672959800344,2.9036541761738683,-3.8319291747980024,1.57817699084182
2019-05-04,1.0841636020002,3.096088477974365,-4.0914666547101,0.32296047781241694
2019-05-05,-0.60995050400425,3.035937138570061,-4.010340125311432,-0.22866082534742513
2019-05-06,-0.8473310560161,2.9694036961333623,-3.920606009208785,-0.3137264377468267
2019-05-07,1.4287066018571402,2.908188395278124,-3.8380445076086147,0.46230059106073934
2019-05-08,2.58999553140455,2.865815267334728,-3.7808955755340032,0.8743571758311098
2019-05-09,3.16011333155383,2.882366962113873,-3.8032189612872727,1.0671312793198162
2019-05-10,3.2555119239468397,2.937587880459474,-3.877695797546472,1.0795464391849057
2019-05-11,12.17558201510122,2.995928964013483,-3.9563808223018118,4.035921002312097
2019-05-12,-3.2788090122213704,4.383699622718688,-5.82807675221825,-0.7671735496192016
2019-05-13,11.40786697230034,4.324808566155358,-5.748649975043911,2.618293367505665
2019-05-14,2.27092076256791,5.203118051053975,-6.933232080004636,0.42026172639325077
2019-05-15,2.60208959248799,5.095678655910603,-6.788327821263386,0.49411283063609307
2019-05-16,-3.9813493607043697,5.003699977779814,-6.664275538981302,-0.8125184896302261
2019-05-17,-7.1081277258818,4.940808806301818,-6.579453779027919,-1.4557084468664867
2019-05-18,-0.9946983850617999,5.033627839944358,-6.704639454627667,-0.21434794290986103
2019-05-19,11.9929899427996,4.9023769203769225,-6.527620427448233,2.4291768561279676
2019-05-20,-2.71258460286958,5.751785494086752,-7.6732236726790655,-0.4862549191983961
2019-05-21,-0.18795372127939,5.622877632212197,-7.499364743690074,-0.0484099293792346
2019-05-22,-3.62187635444826,5.468267174529717,-7.2908405451479235,-0.6777514016716045
2019-05-23,2.59340328588812,5.373494600347957,-7.163020115849321,0.466950110626623
2019-05-24,1.3299515579216599,5.270088906113029,-7.023556137550288,0.23637213570963284
2019-05-25,0.81263173510954,5.1372646173841625,-6.844415096450732,0.14178408191017886
2019-05-26,7.425157599335811,5.001484557216883,-6.661287585874872,1.467745851766988
2019-05-27,1.51684977551269,5.253948242602832,-7.001787112525379,0.27267120298065445
2019-05-28,-0.9793263049045801,5.125223840479101,-6.82817561697704,-0.207517900839476
2019-05-29,-0.69593521281454,4.990840064500196,-6.646931284587715,-0.1563233023971389
2019-05-30,-4.00566479677291,4.85853049207943,-6.468484444949252,-0.8418006619994527
2019-05-31,3.01940399349085,4.803267059949657,-6.393950270053945,0.6110746225544106
2019-06-01,-0.1223600842426,4.740872127696709,-6.309797791391357,-0.04358047770148546
2019-06-02,2.06792679831426,4.614029958279619,-6.138724876172612,0.42992295855179297
2019-06-03,-6.30180586838609,4.522848779201202,-6.015748186403652,-1.411954183734181
2019-06-04,-6.30014783427022,4.5978168200547005,-6.11685810399639,-1.3885714616178086
2019-06-05,1.4996473539936102,4.667242675613963,-6.2104932377745286,0.3032621323902636
2019-06-06,-0.02822410658254,4.558591149146164,-6.063954169093882,-0.024672862888282254
2019-06-07,2.79771290768078,4.437461914695034,-5.900586328958394,0.611489985049975
2019-06-08,-1.1229371413747902,4.381802785475845,-5.825518474649205,-0.2754999684559686
2019-06-09,-3.40203238142553,4.273669763581635,-5.679678716689637,-0.815758344020447
2019-06-10,3.9812033027590803,4.22408688574865,-5.612805944844087,0.9225553404459219
2019-06-11,-0.9117973017984201,4.246041850301318,-5.642416758083955,-0.23458240043767267
2019-06-12,2.71447396905522,4.140140904591239,-5.499587416782855,0.635298324831006
2019-06-13,1.0388753446054702,4.094538736043273,-5.438083455208811,0.23314615353325138
2019-06-14,5.47156649508107,3.9967510954720766,-5.306196584921464,1.3479240959939403
2019-06-15,1.6489111591431098,4.156437775123077,-5.52156711930321,0.3764429677508399
2019-06-16,1.75089403176933,4.070268483088965,-5.405349996414543,0.40946798740421597
2019-06-17,3.55884775215606,3.9903964967717904,-5.297626093501307,0.8707401300003424
2019-06-18,-2.5932150849556,3.9992114018489495,-5.309514817226676,-0.6694981094327277
2019-06-19,2.08948838816382,3.935648388148578,-5.223786938999875,0.5095066435299753
2019-06-20,2.69834962641226,3.8727885560838393,-5.139007446730903,0.6749917277310786
2019-06-21,6.279058671001709,3.8393909424357617,-5.093963853150138,1.613487497386124
2019-06-22,5.34645342577349,4.09822432823281,-5.4430542390031045,1.2840204968083135
2019-06-23,1.4258184854998701,4.2370714169091706,-5.630318272239518,0.3166265011115692
2019-06-24,1.42440963278929,4.142156015963752,-5.502305211492379,0.3235417110848239
2019-06-25,6.84254031313091,4.05067143084495,-5.378919315888624,1.6684372062033883
2019-06-26,9.886766271923971,4.347119272998149,-5.778740580382239,2.254945463541245
2019-06-27,-15.18196739369877,4.991429030354342,-6.6477256269274605,-3.058486194767974
2019-06-28,10.391011328681179,5.797852997810339,-7.735355235037717,1.7776859718191593
2019-06-29,-3.6772427703723998,6.2863228096340045,-8.394157864234689,-0.5983612792540441
2019-06-30,-10.0381837885175,6.16044356360255,-8.224383650476742,-1.6431338217474243
2019-07-01,-2.18716509286736,6.346336139543443,-8.475098259268712,-0.3579095766009719
2019-07-02,2.04397936493041,6.186952185033248,-8.26013601238777,0.3167520805910024
2019-07-03,10.19724231462682,6.037727357343797,-8.0588754504377,1.6749668092452243
2019-07-04,-6.438271352158501,6.473350687831686,-8.646403663068707,-1.0075957652384449
2019-07-05,-2.13560097878957,6.43593668686151,-8.595943139999928,-0.3449148856801701
2019-07-06,2.0741781945806803,6.272747222729696,-8.37584837585083,0.3172340182250557
2019-07-07,2.13867234672999,6.1212653074954755,-8.171543664246416,0.33562063653902957
2019-07-08,7.0393311756003305,5.97663657462879,-7.976481887318437,1.1637116797967981
2019-07-09,2.31592932804574,6.106341555494302,-8.151415896229082,0.36546922899091056
2019-07-10,-3.37512276446858,5.966875698259821,-7.963317325538998,-0.5797627313204382
2019-07-11,-6.78844161871303,5.845484619026945,-7.799596333527018,-1.1757264717020428
2019-07-12,3.9472753868565698,5.859749948243527,-7.818836082159912,0.6592475844827542
2019-07-13,-3.6508773316127097,5.792056353546519,-7.727537260642806,-0.6448705764283085
2019-07-14,-10.50760015665659,5.684934428866683,-7.5830611765215785,-1.8631436610205903
2019-07-15,6.04436014100304,5.948798364824379,-7.938936300329525,1.0019016257873978
2019-07-16,-13.93767055806645,6.003231932540092,-8.01235123132352,-2.335728504818498
2019-07-17,2.2551278856090198,6.521241850429677,-8.71099480682243,0.33289341932041716
2019-07-18,9.56195530666192,6.365514493929317,-8.500964239084158,1.4889143568672363
2019-07-19,-1.28084615726038,6.695368113017845,-8.945840107040777,-0.20388655590277358
2019-07-20,2.22009913304166,6.513431503322297,-8.700460937410783,0.32791467050020406
2019-07-21,-1.57292629745899,6.357112593246457,-8.489632537255023,-0.26068056227658887
2019-07-22,-2.44493539420211,6.188981226044818,-8.262872594098274,-0.4086593075064977
2019-07-23,-4.37079665954751,6.03932238955279,-8.061026681460588,-0.7376731626478853
2019-07-24,-0.90137249910089,5.943758055827182,-7.932138400563884,-0.16582469838904018
2019-07-25,1.01316211442785,5.782478140453833,-7.714619058093272,0.16064266981402972
2019-07-26,-0.41995593419574,5.628182965228735,-7.506520083192042,-0.08958580861973256
2019-07-27,-4.0591302560462905,5.474114621813678,-7.298727037929088,-0.7569040712701757
2019-07-28,0.79013013703228,5.392813758912043,-7.1890759992382565,0.1308928475532234
2019-07-29,-0.35355357080176997,5.248576359244332,-6.994542016114801,-0.08341365898864113
2019-07-30,0.92310278570639,5.106226565718349,-6.8025538605101765,0.1642804891451774
2019-07-31,4.85753181457759,4.972719386903593,-6.62249180080692,0.9598937835391776
2019-08-01,3.06625402642417,5.006832865504004,-6.668500886422876,0.595587014530774
2019-08-02,1.1330721144643598,4.937344002424977,-6.574780773965042,0.21242650423894913
2019-08-03,2.84511374799141,4.812367998033201,-6.406224768482442,0.5737018368744216
2019-08-04,1.36252670675585,4.741941454310938,-6.311239999625873,0.2695683469034982
2019-08-05,7.3397412532719,4.6277412682413015,-6.157217415186982,1.5678257372035738
2019-08-06,-2.8131633051238203,4.911497460308998,-6.539921363026041,-0.5899245019146595
2019-08-07,3.9612102673993697,4.816665801301561,-6.412021245612514,0.8049055175361463
2019-08-08,0.2044345052786,4.802555715958039,-6.392990875469883,0.02502524168020912
2019-08-09,-0.86843644967711,4.673655556997648,-6.2191423354547455,-0.20384168791702628
2019-08-10,-4.38467068556427,4.553058987382076,-6.05649290408404,-0.9815203549422706
2019-08-11,1.4823037907254,4.527976300420964,-6.0226637098998355,0.3087592138658815
2019-08-12,-1.2307995125176698,4.423890076514008,-5.882281896503674,-0.2972607541275074
2019-08-13,-4.37071433894047,4.3156806233525735,-5.73633905516294,-1.032273728189779
2019-08-14,-8.06379719242738,4.302781238947389,-5.718941565788048,-1.8936697284254118
2019-08-15,2.55220459657206,4.518005790337849,-6.009216413673548,0.5462487927850641
2019-08-16,0.60711120004821,4.4482661939521355,-5.915158135462838,0.11754283342013407
2019-08-17,-1.38402822807286,4.332934361040891,-5.759609291065751,-0.3388644954049614
2019-08-18,1.10866015258892,4.23002533073302,-5.6208151668560635,0.2421760355291583
2019-08-19,5.36528635334399,4.12875321192076,-5.484228756554111,1.279087582733745
2019-08-20,-1.40986026461185,4.2665964048789204,-5.67013882866011,-0.35018771653850184
2019-08-21,-5.98402678622864,4.166411175452349,-5.53501831362457,-1.4564755897799464
2019-08-22,-0.06901282262674001,4.248745235700831,-5.646062832755964,-0.036072346523158785
2019-08-23,2.69658389084863,4.137718336732797,-5.4963200826796665,0.6313466240206402
2019-08-24,-2.4116765985468103,4.091396460210081,-5.433845445959396,-0.61004256385917
2019-08-25,-0.2112805384435,4.018896899760325,-5.336064785038703,-0.07353508527805351
2019-08-26,2.26543314762484,3.9157691807980397,-5.196975713921313,0.5570256210495613
2019-08-27,-1.8030983225029802,3.8607120366382452,-5.122719761044449,-0.48886000623617815
2019-08-28,-4.32443323215174,3.782667230504105,-5.017460188739701,-1.1654957603469358
2019-08-29,-2.53558805864209,3.7986595640474827,-5.039029160107732,-0.6896741869794528
2019-08-30,0.9207926773969499,3.742046681476984,-4.962674972026754,0.22355233934780483
2019-08-31,0.33793269753754,3.6546289821679823,-4.8447741135722495,0.06941424450231631
2019-09-01,1.3132277928026,3.563831305276516,-4.722314655867483,0.34484752495970444
2019-09-02,5.85890399112614,3.4912400664040835,-4.624410347621127,1.6540411124663374
2019-09-03,2.63987983247186,3.7449801512688468,-4.966631363117401,0.6824149505310194
2019-09-04,-0.27379439807031,3.715063752033345,-4.926282907603082,-0.096376215799372
2019-09-05,-0.17912085396538,3.6223344664545065,-4.801218275840436,-0.07270732291798655
2019-09-06,-2.12375711817198,3.532393053720513,-4.679913667554356,-0.6250738443872957
2019-09-07,1.5711656980851503,3.4754013950907776,-4.603048621570471,0.42784016614064563
2019-09-08,-0.72503981845581,3.4137017297275447,-4.5198338541929015,-0.23707086041301023
2019-09-09,-1.02330960053969,3.3346812604248903,-4.413258398193667,-0.33213338902520784
2019-09-10,-2.14178209755875,3.2622598074317457,-4.315583081342414,-0.6823587380415606
2019-09-11,0.61491684329553,3.217565471128638,-4.255303519424818,0.16492825406449474
2019-09-12,2.25139940304348,3.144382017763031,-4.156600487376687,0.6892133344475583
2019-09-13,-0.47740552572044004,3.1257087060393065,-4.131415662108825,-0.17968882143090445
2019-09-14,-0.024114056019,3.054715948200498,-4.035667236339098,-0.035474147403759794
2019-09-15,-0.09983634989048,2.984103203972903,-3.9404313375672286,-0.061688797307504886
2019-09-16,-0.68771801807727,2.9161809356946486,-3.8488241024022236,-0.2647186244283789
2019-09-17,-0.34624627057517,2.85495317322573,-3.766245793737096,-0.15078904355297904
2019-09-18,-0.4209930227212,2.7928843618404144,-3.6825331565546406,-0.180903447857878
2019-09-19,0.66619464013655,2.733672909409515,-3.602674259247534,0.21288035241135428
2019-09-20,-0.82916361861862,2.679247588908352,-3.5292704513291078,-0.34092146250465283
2019-09-21,-1.60314241702934,2.6290832615387596,-3.461613474453502,-0.6418175603331092
2019-09-22,0.50448594162926,2.5976628110142514,-3.419236494515238,0.16177486625413837
2019-09-23,-3.44552504686141,2.5462635107960625,-3.3499139011778802,-1.3862565361752144
2019-09-24,-12.0993649521468,2.5995671503197886,-3.4218048901683633,-4.686785774490226
2019-09-25,-1.56160153711759,3.5872795612816564,-4.753939481665002,-0.45880196868003337
2019-09-26,-4.4331750932276,3.514727364738283,-4.656087830079121,-1.285284465120401
2019-09-27,1.6233872320436,3.5538150709392253,-4.7088056910218885,0.4330945233547975
2019-09-28,-0.07189659749151,3.4905762862643592,-4.623515102734597,-0.04473358336559918
2019-09-29,-1.73372685412811,3.4048457842407305,-4.507889778981874,-0.5339379100065741
2019-09-30,2.31358039600007,3.3432422206340724,-4.424804624711133,0.6668170778763315
2019-10-01,0.59395226486973,3.31743171936505,-4.389993822312843,0.15364381852694342
2019-10-02,0.59470393194249,3.240426922229118,-4.286136917370179,0.15752694209418047
2019-10-03,-1.5979386618287301,3.1661793229600805,-4.185998664348182,-0.5312990446984925
2019-10-04,-0.65654260828598,3.111171139489418,-4.111808745092938,-0.238107118791168
2019-10-05,-0.66561963279792,3.042353501713226,-4.018993918864851,-0.2464766241594641
2019-10-06,-2.02421044708582,2.9761651944745613,-3.9297252890018646,-0.708448522549887
2019-10-07,3.1722604960343395,2.9409884674094435,-3.8822821927938853,1.04999089335101
2019-10-08,-0.20443649816002,2.992736606418955,-3.952075267432904,-0.09646217623860182
2019-10-09,4.36286041566607,2.9248676314110007,-3.860539909271846,1.4628392006232167
2019-10-10,-0.10786272982699001,3.083203689641185,-4.074088851158937,-0.062309252637612084
2019-10-11,-3.1314740956696903,3.011757039521484,-3.9777282577162314,-1.0677234057315237
2019-10-12,0.17767504383332,3.0172688462923065,-3.9851620698052255,0.030963649839835586
2019-10-13,-0.18669970610556,2.9480157364963397,-3.891759919438317,-0.09190897136514548
2019-10-14,0.64305028880831,2.8816903611198663,-3.80230642482549,0.19391427633712585
2019-10-15,-2.04249337266109,2.8212522013435692,-3.7207930587982263,-0.7538293667798817
2019-10-16,-1.94238919419795,2.7940436932751416,-3.6840967549159345,-0.7253424801050377
2019-10-17,0.69819797390682,2.7649328152174273,-3.6448347114110273,0.22204828367754043
2019-10-18,-1.62599400769494,2.7098123436948796,-3.5704933484800048,-0.6311298269337248
2019-10-19,0.1923725744497,2.675299655979436,-3.523945846756815,0.040415355492592626
2019-10-20,2.8812403665222397,2.618607925623517,-3.44748531611979,1.0681213294090859
2019-10-21,0.26287932719721,2.67268985860628,-3.5204259949062218,0.0668352666576433
2019-10-22,-2.02823213666398,2.616377521341941,-3.4444771543679136,-0.8074069996536921
2019-10-23,-7.23121027048296,2.5989584956209697,-3.420983993347006,-2.814765865100572
2019-10-24,-0.28228801699565,2.9631378020137182,-3.9121551542728787,-0.12369907486267942
2019-10-25,14.476109386093219,2.896717485768577,-3.8225736122508107,4.9683340087514924
2019-10-26,6.52843338868667,4.806575821064241,-6.398412819159149,1.3407016222737458
2019-10-27,3.26407960085006,4.990268681320431,-6.646160656123076,0.637206213955717
2019-10-28,-3.1432676505614703,4.930531514233924,-6.5655927238071765,-0.6545981967761588
2019-10-29,1.83628119185321,4.843941405728424,-6.448808042819628,0.3616954990366284
2019-10-30,-2.3825095718830602,4.737262722061638,-6.304929760932433,-0.5207139870455858
2019-10-31,-0.06673727616757,4.638651925758377,-6.171932694789791,-0.03254968607004618
2019-11-01,0.6664947063718699,4.5149955447368315,-6.0051564745156405,0.1289581158604947
2019-11-02,0.6845382329238701,4.398017904427494,-5.847387918245332,0.1364907688337234
2019-11-03,-0.96297008474124,4.28507816468301,-5.695065306523017,-0.24438748426489643
2019-11-04,1.90115258543919,4.178396474145085,-5.551182969247825,0.4348326466570778
2019-11-05,-0.74737153095654,4.098978545250392,-5.444071456735176,-0.20288491622485902
2019-11-06,0.19624814591611997,3.996459089124361,-5.305802753931379,0.028024497590085174
2019-11-07,-1.0018996001742,3.8937096754410265,-5.1672239057722535,-0.27894965945432393
2019-11-08,-5.1214083806272,3.8009330236634833,-5.042095390888305,-1.369573664156247
2019-11-09,0.09877334517121,3.858767648095365,-5.120097350706648,0.003763884921731036
2019-11-10,2.70812753610041,3.760470715531181,-4.987523594769691,0.6977525812019777
2019-11-11,-3.3431848190939903,3.733225269026369,-4.950777471761592,-0.918089308816864
2019-11-12,0.65865532404476,3.7079389780563434,-4.916673675435881,0.15491245666124104
2019-11-13,-0.08397010971492,3.6180098895292163,-4.795385688893233,-0.046495035297122816
2019-11-14,-1.1437202181483,3.5279648262102006,-4.673941286342947,-0.3480674174610426
2019-11-15,-2.5129397563837497,3.4502223327671353,-4.569089445265184,-0.7527599365183059
2019-11-16,0.68966308279385,3.408573720585653,-4.512917672632753,0.1776149629193729
2019-11-17,0.31776852803648,3.329511479625804,-4.406285878909221,0.07013615710934396
2019-11-18,-3.1824239383396904,3.2497783376265548,-4.298749236292291,-1.0051988125841085
2019-11-19,-1.24903748385563,3.2437882132824174,-4.290670313968716,-0.4110277194424311
2019-11-20,-2.2039071560939703,3.1784831671381717,-4.202592944480856,-0.7198894641176441
2019-11-21,-4.9086768125686495,3.139502123119171,-4.150018939563985,-1.5903560515551227
2019-11-22,-4.63520647192883,3.236053929367986,-4.280239031513901,-1.4583983959298967
2019-11-23,1.37768149507451,3.30721060692346,-4.376208536944444,0.3910945691099025
2019-11-24,-4.8450125222665,3.246459173648794,-4.29427265677324,-1.51835019213577
2019-11-25,1.38393705913397,3.329911678160578,-4.406825629453735,0.3903069501374369
2019-11-26,1.00578355100449,3.2684276830363594,-4.323901738026046,0.28195029921674974
2019-11-27,4.24866264353021,3.1998839308330576,-4.23145630317313,1.3014263472494036
2019-11-28,-0.9144267907922501,3.3200525166906036,-4.393528509875664,-0.30080131973087015
2019-11-29,3.91709101370825,3.246653408873285,-4.294534623170097,1.1805515228169414
2019-11-30,-2.4998412204507,3.333716592811496,-4.41195734428077,-0.7751380587740612
2019-12-01,-1.93867823041902,3.2971009670895595,-4.3625735954565705,-0.6135473673433767
2019-12-02,-1.38754771108136,3.24513205871957,-4.292482767647123,-0.45353997071729857
2019-12-03,-0.02517083198085,3.182403499389404,-4.207880323827381,-0.03438288696135622
2019-12-04,-0.93481325408948,3.1072730861353755,-4.106551413449852,-0.3279604378645085
2019-12-05,2.67047677560743,3.0420644197443685,-4.018604032004851,0.8501553652242106
2019-12-06,1.31628393042841,3.052674260442959,-4.0329135978744315,0.4035918796149429
2019-12-07,0.12237394800748999,3.000527716525985,-3.962583191768518,0.012705951687575254
2019-12-08,0.10723690545209,2.9317842240742875,-3.869868365854753,0.00784079450978968
2019-12-09,-2.18442536808556,2.8655033108317824,-3.7804748376309414,-0.7917194676809156
2019-12-10,-1.6728999152695299,2.8408794969982893,-3.747264528822302,-0.6185229978709894
2019-12-11,-0.8373983817170499,2.8017127134756765,-3.694440015746352,-0.32895869911579056
2019-12-12,0.35554716584638,2.7468289370497,-3.620417885136682,0.09876762778452955
2019-12-13,0.36588787977542,2.6883058653021537,-3.5414874116402264,0.10476430364804666
2019-12-14,-2.01489561535961,2.6320622260518047,-3.4656312245907146,-0.7975286383378896
2019-12-15,0.38702824709542,2.613373106239379,-3.4404250788437833,0.11585749412070588
2019-12-16,-3.12165479110362,2.5601556756295256,-3.3686503604144384,-1.252230170776388
2019-12-17,-4.30281398477507,2.5943575230423996,-3.414778629661769,-1.6910018505986202
2019-12-18,9.150203958984621,2.6986593779801904,-3.5554512661274655,3.359428998396214
2019-12-19,-1.0215599788491398,3.6000558869188937,-4.771171000824526,-0.30716450004881085
2019-12-20,0.22150257023572,3.517934140307008,-4.660412830570008,0.039015279126192424
2019-12-21,-0.38386948789295,3.4313156694333453,-4.5435898970594515,-0.13642547663775173
2019-12-22,4.359469833307901,3.348869236680993,-4.432393820351299,1.276616118263524
2019-12-23,-2.09812189442786,3.4655447044610095,-4.589754834431755,-0.6297339865282047
2019-12-24,-0.45095905809819,3.410699582641886,-4.515784837558928,-0.1569204302325872
2019-12-25,-0.64909773689567,3.329405120558015,-4.40614243169549,-0.22026371022605978
2019-12-26,-0.49867347739116,3.252624575989794,-4.302587977749051,-0.1792161534713404
2019-12-27,0.70371806538602,3.1772552848056144,-4.200936891047353,0.1949697528380503
2019-12-28,0.38200628759046,3.106723990354383,-4.105810844154795,0.09584272716560657
2019-12-29,1.42007856853965,3.035243556762482,-4.009404686708398,0.4401060922308393
2019-12-30,-1.76222033336941,2.9870735845531944,-3.9444375104946925,-0.6181534096521712
2019-12-31,-1.37226948232402,2.9438239631325076,-3.886106445577199,-0.4947710489380711
2020-01-01,0.09136166827143001,2.892925366289141,-3.8174591543604564,0.002458508107477678
2020-01-02,-3.02729280961937,2.8280462515840323,-3.729956241564021,-1.1002444516883794
2020-01-03,5.01717459600321,2.8398695706510027,-3.745902434140537,1.7370252701670106
2020-01-04,0.89150098238963,3.079528381984142,-4.069131938185077,0.2621348123654691
2020-01-05,0.008914393268888432,3.015827141671872,-3.9832176327663804,-0.024979878154896086
2020-01-06,4.71614672356608,2.9465592354523378,-3.889795526360198,1.571968172243766
2020-01-07,4.95268893264047,3.1393292948833156,-4.14978584492144,1.5507897030016224
2020-01-08,-1.03216732028048,3.3353053487377973,-4.414100110437581,-0.33472698639333087
2020-01-09,-2.51648511144182,3.262990711803242,-4.316568857146728,-0.7970401171655938
2020-01-10,3.5837017057327003,3.2303343758556515,-4.2725250299511615,1.083309623946185
2020-01-11,-1.59242899307745,3.29181739413899,-4.355447603906767,-0.5093473240243581
2020-01-12,1.90956190457587,3.2315560003005066,-4.27417264332804,0.5648401316895179
2020-01-13,-0.5913064387263101,3.192847652721964,-4.221966425995166,-0.2115841092369271
2020-01-14,8.05965063783666,3.120416497999688,-4.124278024354424,2.555877157791318
2020-01-15,-0.23537488141354,3.730814290167474,-4.947525767822614,-0.08567144981190489
2020-01-16,-0.9494746324859801,3.637398631398506,-4.8215354197693765,-0.28419321747328374
2020-01-17,2.32553387156411,3.5530032071845756,-4.707710724734993,0.630814089677121
2020-01-18,0.15410282758629001,3.5173859645560346,-4.65967350212583,0.019859475328015817
2020-01-19,-2.68091025161982,3.4306380527530407,-4.5426759907345025,-0.8060190544452502
2020-01-20,-0.55981318060993,3.3956134213105233,-4.4954380269495156,-0.18967488005906072
2020-01-21,1.01419279340557,3.315679534741057,-4.387630638735918,0.280468421588311
2020-01-22,-0.74619512947666,3.2455320976712345,-4.293022302960788,-0.2558731487747753
2020-01-23,-3.2115367723196897,3.1727889455203093,-4.194913108220202,-1.0387662768357542
2020-01-24,0.46189330082952995,3.1724692767245912,-4.194481968694292,0.11903784720504756
2020-01-25,-0.92293061824086,3.0992811790718884,-4.095772672863885,-0.32497212993967545
2020-01-26,2.69968381027716,3.034203538258452,-4.0080020065257465,0.86198384172153
2020-01-27,3.57604249823619,3.0471112505530247,-4.025410727782921,1.145935551187499
2020-01-28,4.91406566935488,3.122278371843132,-4.126789146543765,1.5468884277283963
2020-01-29,-0.44936586728141,3.316082167153942,-4.38817367186875,-0.16091738026608385
2020-01-30,2.04370369180804,3.2380962592979206,-4.282993536080939,0.6051254030443202
2020-01-31,-1.6805048675941199,3.2048576680567677,-4.238164417125314,-0.5506498066942987
2020-02-01,0.45184721516431,3.1502031370819923,-4.164451471448524,0.11669019785839353
2020-02-02,-0.51779102365259,3.077722051039552,-4.066695727089344,-0.19561233973461672
2020-02-03,-0.54559700777154,3.0087997632279877,-3.973739758631419,-0.20933476639864204
2020-02-04,-1.21854536490779,2.9426444115521684,-3.8845155761650245,-0.44272924978546085
2020-02-05,4.60283479927525,2.8886364024357127,-3.8116745990107197,1.564262434573308
2020-02-06,1.20330844939431,3.0759495246796833,-4.064305108471904,0.3638093059107541
2020-02-07,0.67748353927719,3.0196363322096356,-3.988355114511714,0.19645880702429067
2020-02-08,0.70368594474601,2.9545313823840513,-3.9005476163191437,0.20965644861152158
2020-02-09,2.51797202192509,2.8922577677841956,-3.816558759618222,0.8414611799921012
2020-02-10,-2.6042505869956,2.902682729718366,-3.8306189782136535,-0.9262121372322814
2020-02-11,3.5052446746270496,2.891746753744694,-3.8158695514325145,1.1830203604077432
2020-02-12,1.1475404940051999,2.9738436366166736,-3.926594187788262,0.35754775170722164
2020-02-13,-1.08737626421842,2.9201724380127514,-3.8542074693124415,-0.40121796807993304
2020-02-14,0.95230151607008,2.8646352255811562,-3.779304045021784,0.3030236172879203
2020-02-15,-4.1853550399242305,2.81056459780761,-3.7063786136495738,-1.5191269508834024
2020-02-16,0.45408785208563995,2.8878855930094653,-3.810661977120759,0.12806548333382936
2020-02-17,-2.48977234415797,2.8249526167652745,-3.72578383478874,-0.9111734181614154
2020-02-18,4.5575692477751,2.8136904182335845,-3.7105944293769397,1.5898408122594168
2020-02-19,-5.14499840432893,3.0048652004728127,-3.968433186505349,-1.7402603588707382
2020-02-20,-0.25892656683303,3.1299650513086568,-4.137156224547575,-0.10964210430836166
2020-02-21,0.8081532009711601,3.0574278648197653,-4.0393248171264675,0.23676889371509463
2020-02-22,-0.24041581349738,2.9930163196330573,-3.9524525185882693,-0.10847425026445033
2020-02-23,2.6685065475790597,2.9252995965194155,-3.861122503614949,0.883416236357392
2020-02-24,-2.80319921936555,2.9430709756983755,-3.8850908861928706,-0.9811005684239245
2020-02-25,-3.2487237538452596,2.938088621072297,-3.878371149890237,-1.134401841300799
2020-02-26,-5.74076879254885,2.953647753280062,-3.8993558596069535,-1.9721438258452368
2020-02-27,-0.40929663884483003,3.129316959229531,-4.136282138257379,-0.15771685421422643
2020-02-28,-1.28362177683367,3.0576884381734404,-4.039676254219088,-0.44735465770831456
2020-02-29,-0.8446835964171799,3.0003351677310137,-3.9623234998708705,-0.30960973767599453
2020-03-01,-0.43182409048032006,2.937907927686853,-3.8781274474657934,-0.17566019459661156
2020-03-02,3.5250739590150397,2.873394359231889,-3.7911175494368194,1.1974773181258542
2020-03-03,-0.92747648117548,2.9587126984666217,-3.906186986372365,-0.34194799295784817
2020-03-04,-0.3709743670397,2.899061410018,-3.8257348791720833,-0.15702452982565618
2020-03-05,3.6284842011420704,2.8355319897652103,-3.7400523086614497,1.2499364585308248
2020-03-06,0.48110043680757997,2.933079579490773,-3.871615420705367,0.13530183489682165
2020-03-07,-2.357983053035,2.868744936580394,-3.7848468408015874,-0.8513243578044529
2020-03-08,-9.43035287692275,2.8501397518025846,-3.7597538988190413,-3.3382932393786215
2020-03-09,-2.3014293291844,3.415044814710663,-4.521645282241669,-0.6985790367118813
2020-03-10,-0.17576850801840999,3.3683086773817053,-4.458611929093649,-0.0771953881687027
2020-03-11,0.02149884883273,3.2870655444619343,-4.349038751230477,-0.019090139251124082
2020-03-12,-46.47301753397741,3.208220831443296,-4.2427003389526865,-14.511864789817656
2020-03-13,11.26862221975457,10.153787918158374,-13.610234928057787,1.1014975812080028
2020-03-14,-6.75355700465729,10.312628592672011,-13.824464449432552,-0.6630517458294005
2020-03-15,3.62457326308458,10.115089391277358,-13.558041955967905,0.350004210376377
2020-03-16,-7.264505770911881,9.869856603942779,-13.227294791761073,-0.7445655447294243
2020-03-17,4.12455256701917,9.706104791216204,-13.006441584154905,0.4162641209964546
2020-03-18,0.24482043860681998,9.48963531602967,-12.714487698895647,0.01692067665988247
2020-03-19,16.71043242496139,9.216921329900133,-12.346676450928939,1.8038759844050285
2020-03-20,0.12244500086868,10.013777826507726,-13.421402344629165,0.0038143060217983964
2020-03-21,-0.22144850761289,9.72523557580289,-13.03224340625166,-0.03143346945523556
2020-03-22,-5.907702386253,9.445556914483438,-12.655038852464294,-0.6343672298315477
2020-03-23,9.57832376514637,9.257900047343337,-12.401944731873288,1.0255105724614866
2020-03-24,4.84447085736405,9.349949699898994,-12.526092737855336,0.5091173345682698
2020-03-25,-0.8011559939721,9.171743177895417,-12.285744363412931,-0.09653621613719769
2020-03-26,0.52812113614173,8.91038012438286,-11.933242197135398,0.04981513045925104
2020-03-27,-3.74133766993125,8.65582332017336,-11.58991966658414,-0.441966860485631
2020-03-28,-3.5813240790789096,8.44548756317742,-11.306238369666893,-0.4340274542425473
2020-03-29,-5.265021330566451,8.239298560922409,-11.028149829681258,-0.6492386067597079
2020-03-30,8.2268448602786,8.080740986063379,-10.814302126777699,1.0076545562489652
2020-03-31,0.13681074096147,8.152162400992369,-10.910628685343353,0.006447535092160498
2020-04-01,2.5777803165675897,7.919690600011074,-10.597092352097196,0.3148520636349131
2020-04-02,2.78887559659608,7.723621214112667,-10.332652209004921,0.3501759257497097
2020-04-03,-0.8906283829347199,7.539546217630881,-10.084388982258371,-0.12930191587115594
2020-04-04,1.97258038443877,7.328445956659429,-9.799676593517418,0.25767140916400494
2020-04-05,-1.11868608197056,7.139194857842681,-9.544432321587061,-0.16849735771718982
2020-04-06,6.838401551364901,6.941995145876762,-9.278467699873792,0.972941066888024
2020-04-07,-1.32013831407586,6.988233846540582,-9.340830156735247,-0.20096461176312252
2020-04-08,2.17346261162099,6.797408753239061,-9.083463027506836,0.30735436100136987
2020-04-09,-0.43739979839614,6.630197519844701,-8.857944075209248,-0.07867777462720883
2020-04-10,-6.16526461959843,6.445011733757028,-8.608182718803237,-0.9696668160694636
2020-04-11,-0.09341136128107,6.397368859051093,-8.543926442654687,-0.027770909103325074
2020-04-12,1.6198094339307099,6.21854930039535,-8.302751261420001,0.24693219784058074
2020-04-13,-1.82479033680671,6.0593271729590805,-8.08800727183807,-0.3150580369929931
2020-04-14,-0.03813508563599,5.904143979351874,-7.878710620374751,-0.020728571977254705
2020-04-15,-2.97129370766828,5.740534407855339,-7.65804925450386,-0.5322750250031006
2020-04-16,6.902911272643481,5.617838164654969,-7.492567978780365,1.2137519246708637
2020-04-17,-0.29015210954827997,5.764676054355982,-7.690609260880485,-0.06494753457472255
2020-04-18,2.25009020006066,5.605887964760987,-7.4764506611508645,0.3863510697807752
2020-04-19,-0.94469879572844,5.482760692024444,-7.310388052897052,-0.18766972358091258
2020-04-20,-4.37078926190572,5.336514287422188,-7.113144510859389,-0.8348218349588292
2020-04-21,-0.02376428480452,5.272229715841773,-7.026443462506237,-0.02048728496864342
2020-04-22,3.38498124617334,5.128375778824307,-6.832426658123547,0.6436212946793771
2020-04-23,4.2973347176261,5.067908848038668,-6.750874488436075,0.8313261852474965
2020-04-24,1.6178084496425797,5.059855551484072,-6.7400129514169045,0.3030835655750492
2020-04-25,0.25177397803481,4.940027098425128,-6.578399484183158,0.033911674347724984
2020-04-26,1.4417636083329899,4.80684748837677,-6.398779218751157,0.2824125840920595
2020-04-27,1.4957356048027302,4.692021740610327,-6.24391293490525,0.30082687059652174
2020-04-28,0.1468662629902,4.5824039745165095,-6.096070692127357,0.01366463444391683
2020-04-29,11.984140644428889,4.460478868015974,-5.9316294538289505,2.6678506072416153
2020-04-30,-1.6321978185922899,5.4009221180146385,-7.200011799498502,-0.31780632434435674
2020-05-01,2.35369104465696,5.265027496680462,-7.016729779480853,0.43104079860622496
2020-05-02,1.38721272790345,5.157842023301053,-6.872167986786962,0.25261792319600057
2020-05-03,-1.01899122041704,5.0298533559611505,-6.699548781853611,-0.2193385234409688
2020-05-04,0.17052718293886002,4.898958779853461,-6.523010357574285,0.017611455619832843
2020-05-05,1.00935669896458,4.766929786500407,-6.344941936873967,0.19406774435409876
2020-05-06,2.9084126239824903,4.645768136377464,-6.1815303774966734,0.6079001692022775
2020-05-07,7.10753668546626,4.585555410402584,-6.100321055603742,1.5316110414301105
2020-05-08,-1.09985471722904,4.849245667652814,-6.455961937732173,-0.24418315469800972
2020-05-09,-2.55994975141948,4.725133181968961,-6.288570565930858,-0.5596030921019931
2020-05-10,-9.13387499263453,4.6311982910080784,-6.16187992581265,-1.9904404435319676
2020-05-11,-1.7817356616017501,4.8965557093837875,-6.519769319734801,-0.38108114359443435
2020-05-12,2.32893964825251,4.780246606488386,-6.362902424519804,0.46957624684082994
2020-05-13,5.15216067309936,4.69122178560954,-6.242834030037433,1.0802966725728564
2020-05-14,4.8814308336528,4.766210856500589,-6.343972310987937,1.0064979477997475
2020-05-15,-4.25545413366315,4.815638577467763,-6.410635821690506,-0.9011688588451343
2020-05-16,0.5219563387114999,4.771906642814091,-6.351654257564472,0.09172579928120615
2020-05-17,3.08434146689862,4.645375053202939,-6.181000223487968,0.6458234361563565
2020-05-18,0.5757095071523101,4.593310554317012,-6.110780472085492,0.10699475107040872
2020-05-19,0.0253180468027,4.472969327524388,-5.948475423354273,-0.013174993317916736
2020-05-20,-2.1407053865040298,4.354557891773614,-5.788773097209788,-0.510948488826241
2020-05-21,-4.74397811200528,4.265015854418428,-5.668007129272048,-1.1320538222167362
2020-05-22,1.10397046754222,4.272412093029239,-5.6779824876770615,0.23867573107048617
2020-05-23,0.29045429371397,4.169582359497837,-5.539295311580769,0.049454570777377325
2020-05-24,-4.65558480535435,4.061402183101255,-5.393391956016213,-1.1670437891819738
2020-05-25,1.3173543308948101,4.076757454215661,-5.414101716859847,0.3024719907767901
2020-05-26,-0.81030639932198,3.985161290627593,-5.2905653345993215,-0.22447166422847178
2020-05-27,3.84109712226941,3.8871006659408254,-5.158310288738552,0.966490980638401
2020-05-28,3.68607148089736,3.921194777893032,-5.204293254421513,0.9185522008240151
2020-05-29,-0.91355788641855,3.9425221711906677,-5.233057657949223,-0.2530885638421878
2020-05-30,2.73053897295643,3.8470137257080994,-5.104244753914232,0.6878815033770802
2020-05-31,-2.4984292562995902,3.8165174631196788,-5.06311423266682,-0.676710815307668
2020-06-01,7.1989316402337495,3.7580188706482596,-4.9842167745401635,1.8932002465443671
2020-06-02,-6.4749474802836104,4.135780851151731,-5.4937069824144285,-1.5859633535130586
2020-06-03,1.32296949908958,4.251948855386836,-5.650383576885899,0.2913299650150196
2020-06-04,1.47935393856517,4.154167475151248,-5.5185051499566855,0.3358325245927393
2020-06-05,-1.3881075272664098,4.063589800049222,-5.396342410193956,-0.36232911969920184
2020-06-06,-0.1227122158605,3.97027609105435,-5.270489562509409,-0.05212776112243102
2020-06-07,1.08356683586361,3.868513469251103,-5.133241607415394,0.2583207880759907
2020-06-08,0.12940603543825,3.779523719968216,-5.013220514238179,0.011947708489192764
2020-06-09,0.24746476660233,3.683890788900897,-4.884239715630083,0.04430516216441519
2020-06-10,0.75659170073052,3.5917188918908414,-4.7599268377030075,0.18719235362333397
2020-06-11,-5.71557191412832,3.5070885339351214,-4.645785285898704,-1.653742483490921
2020-06-12,1.6919583790143002,3.6260866570346115,-4.806278881346828,0.4433730198067007
2020-06-13,-0.05872938226616,3.5621172107654338,-4.7200028446905,-0.04013870448679503
2020-06-14,-0.93828438185692,3.473921537928844,-4.601052727933814,-0.294345672029955
2020-06-15,0.67858623376864,3.395239801554596,-4.494934123388709,0.17505003496142676
2020-06-16,0.91973393680255,3.316506166032526,-4.3887455221023295,0.2519170799546392
2020-06-17,-0.6075177257295999,3.2444565733410875,-4.291571735823751,-0.2132150940831703
2020-06-18,-0.72426439750117,3.170319962626658,-4.191583173836525,-0.2550259263533086
2020-06-19,-1.32433162041465,3.1000723488801385,-4.096839729081485,-0.45437036613921683
2020-06-20,0.47606330727525004,3.0418326149703145,-4.018291395295456,0.1288085075894268
2020-06-21,-0.30812411837963,2.9734749852787865,-3.926096985167387,-0.13195789711576209
2020-06-22,3.6420399315630902,2.9068244987037035,-3.8362050108220553,1.2239440479965695
2020-06-23,-0.19773010491607998,2.999272755581922,-3.9608906172235283,-0.09401595509957225
2020-06-24,-3.33709232737806,2.931139995390735,-3.8689994901530103,-1.1672392722839084
2020-06-25,-0.5253081495322199,2.9514916622847296,-3.8964479247005777,-0.20652524454852972
2020-06-26,-1.10590439869024,2.8872633042929716,-3.809822692005032,-0.41220826127105276
2020-06-27,-1.2909378740094002,2.8333677369467565,-3.73713336584752,-0.48535431666042245
2020-06-28,1.0796911071169601,2.7853091690705254,-3.672316441431868,0.35739002706297945
2020-06-29,0.51566968672229,2.737579100654792,-3.6079425665210723,0.1575919025737082
2020-06-30,-0.57681176339663,2.6809312255997653,-3.5315411838330766,-0.24657892932438832
2020-07-01,0.98367846920766,2.6274475151804455,-3.4594073319745364,0.3423204749883689
2020-07-02,-1.1433924918010798,2.583819843457649,-3.4005663879878147,-0.47512673250559867
2020-07-03,-0.39654121072665,2.543204329622502,-3.3457879622732687,-0.18904914281979693
2020-07-04,0.49599537650610004,2.4933512888361036,-3.2785508197753015,0.1651375762996568
2020-07-05,-0.64313649740359,2.4459471778041952,-3.2146165658528907,-0.29738413478768083
2020-07-06,3.26903640545275,2.402603491673248,-3.1561586352070874,1.325556642486474
2020-07-07,-1.32274750284935,2.508075538530107,-3.2984095176447696,-0.5609866485432974
2020-07-08,1.8849585054621,2.4748509630263134,-3.253599301811505,0.7276030535010742
2020-07-09,-1.60767727161914,2.473837580968402,-3.2522325463888095,-0.6839279475901985
2020-07-10,0.009051613040611528,2.449938863278304,-3.2200001797868865,-0.030693735215435298
2020-07-11,-0.41536446189596005,2.401746513230177,-3.1550028224264524,-0.20802105757118203
2020-07-12,0.39049160883397,2.3576720477749107,-3.095559284628332,0.12989178088568784
2020-07-13,-0.35513578688544,2.3145384932236452,-3.037384759904084,-0.18983705649135824
2020-07-14,-0.004331631390286361,2.27348047470405,-2.982009525047008,-0.038962735849269924
2020-07-15,-0.54650618081169,2.232326236859943,-2.9265045185184104,-0.2825552816612549
2020-07-16,-0.66149394632759,2.196673718870526,-2.8784197197849335,-0.33948752958865125
2020-07-17,0.20964170070048002,2.1641235080879446,-2.8345190243367955,0.05794138478130891
2020-07-18,0.08353119275827,2.127655753422712,-2.785334710234211,-0.0003375522777380572
2020-07-19,0.29193317943754,2.0924458471131677,-2.737846864948737,0.09925408197301239
2020-07-20,-0.23526855605595,2.059487748813421,-2.69339604877211,-0.15514437706372441
2020-07-21,2.27265724190086,2.0282579090669266,-2.6512761469145563,1.0789593593171432
2020-07-22,1.59234674311861,2.082776366438502,-2.724805569177242,0.7240803091564458
2020-07-23,0.58314531883763,2.089486348298619,-2.7338553683343383,0.2387648674707924
2020-07-24,-0.46218064009337,2.0602950992735503,-2.694484927947326,-0.2652193018806475
2020-07-25,1.4595935230039099,2.031113086590992,-2.6551269446796337,0.6771381388262329
2020-07-26,2.3292897324559103,2.0341709460020136,-2.659251100913925,1.1036635583967325
2020-07-27,10.40086659850629,2.0925755953144067,-2.7380218572492656,4.930104906987674
2020-07-28,-0.71266633721229,3.4626845611211503,-4.585897339236412,-0.2301438987437956
2020-07-29,1.7048707177252698,3.381797628945041,-4.476804571791176,0.47921889708898563
2020-07-30,0.09676074745073,3.3285048773370836,-4.404928267408342,0.003758852730496579
2020-07-31,1.8922423373727002,3.2481972713690426,-4.296616841245205,0.5566142689377334
2020-08-01,3.7792033732147297,3.2080021086312014,-4.242405345976283,1.1517928792718974
2020-08-02,-6.19118571228263,3.286798370919341,-4.348678412417204,-1.9092850828970764
2020-08-03,1.7286053356240598,3.4620455776815695,-4.58503553783166,0.47496657999550557
2020-08-04,-0.36037470015538997,3.406167275838863,-4.5096720838822755,-0.13053501250902874
2020-08-05,4.71600379035361,3.3244566854752353,-4.399468442916583,1.3932365017074706
2020-08-06,0.2784144331386,3.4767516828926794,-4.604869764110978,0.055846681915739556
2020-08-07,-1.52519020491883,3.3917444979007105,-4.490219983064613,-0.47451675493807344
2020-08-08,1.30654699240473,3.326051966474475,-4.401620009484604,0.367492034676852
2020-08-09,-0.6684391826166,3.262545527198708,-4.315968433577357,-0.23070592092762454
2020-08-10,1.71842009045892,3.188354089275903,-4.215905925753245,0.5125436688953111
2020-08-11,-4.0161112862787,3.1440155446345845,-4.15610622252202,-1.304179516885737
2020-08-12,1.51693007557724,3.1858195960490407,-4.212487637127987,0.44970552932436214
2020-08-13,1.70488539554156,3.1344235111900636,-4.14316938036794,0.5170443630070155
2020-08-14,-0.12963612281762,3.0919878991991303,-4.085936175624263,-0.06917410985893566
2020-08-15,0.81937342531244,3.020291798793154,-3.9892391468472246,0.24339503812250854
2020-08-16,0.22817499658511,2.9574840760006404,-3.9045299347157703,0.04866488037888543
2020-08-17,2.99517604098848,2.8905301002407637,-3.8142286423982004,1.007056336462968
2020-08-18,-2.1709414754999603,2.9329001478651855,-3.871373420025209,-0.7689286200028189
2020-08-19,-1.96178869913659,2.9045008207624865,-3.8330710502373355,-0.7044370834102731
2020-08-20,1.01613277417591,2.8707547482277214,-3.7875574877349294,0.324612677884495
2020-08-21,-2.43618627931248,2.817925707015791,-3.7163065927851737,-0.894429424041035
2020-08-22,0.7676821280393,2.8049509418385483,-3.6988074368392447,0.24365229710122957
2020-08-23,-0.14543864269729,2.749478388612987,-3.623991218869031,-0.08353876555372369
2020-08-24,0.93644586352361,2.690281991638763,-3.5441526269609502,0.31676845712386503
2020-08-25,-3.53060044085324,2.6428921035569317,-3.480237555630133,-1.3677629229707413
2020-08-26,1.06963347639652,2.6937485628908875,-3.5488280156951526,0.3658040331481203
2020-08-27,-1.44634776739618,2.649582189652805,-3.4892605212317545,-0.5776749108510675
2020-08-28,1.91647185956025,2.6130584782596245,-3.4400007379013875,0.7011792835866746
2020-08-29,-0.30920412474539,2.6058893855979948,-3.4303317328162928,-0.150986267768684
2020-08-30,1.76279312086737,2.5529564196121934,-3.3589406738019263,0.6574901632352457
2020-08-31,-0.26235581917237,2.541429879975541,-3.343394749705165,-0.13638196737491184
2020-09-01,2.44952878450401,2.490687173753233,-3.274957709252205,0.9496493263486296
2020-09-02,-4.75998283628147,2.5229435550537636,-3.318462114836313,-1.9200715824109351
2020-09-03,-10.8024907829682,2.6683554721091793,-3.5145801777213586,-4.079943727350145
2020-09-04,2.5680958905574798,3.4528638913738785,-4.5726521337122,0.7193583590012547
2020-09-05,-3.3100047134118,3.434320406181195,-4.547642406388816,-0.9883335565041624
2020-09-06,1.0834787536524,3.4235614576232822,-4.533131737713334,0.29186838858210784
2020-09-07,0.86404683915368,3.350841002520102,-4.435053154638746,0.23271693606564123
2020-09-08,-2.32239055901111,3.2765236965293894,-4.33482088767689,-0.7345101606816972
2020-09-09,1.08798357097583,3.236758097013968,-4.281188747310741,0.3101047879042096
2020-09-10,1.17242949135238,3.1712302810898847,-4.192810926672962,0.3431413070306314
2020-09-11,0.36386352484214,3.1103041256710853,-4.11063939753196,0.08989929143270825
2020-09-12,0.39587144990775003,3.038570205592969,-4.0138913611003275,0.1025554918988148
2020-09-13,-1.14048675959459,2.9696393203945184,-3.9209237972869735,-0.412419157770299
2020-09-14,3.40036509277634,2.913088440049016,-3.8446532320376523,1.1383505077918137
2020-09-15,1.08125107428236,2.984793849639237,-3.941362816176163,0.3340269836721837
2020-09-16,1.6347532426243199,2.9289808403308233,-3.866087422721446,0.5293663357132485
2020-09-17,-0.23640918305821998,2.893212197312843,-3.817846005355085,-0.11083133520594221
2020-09-18,-0.04023369137886,2.829104224475945,-3.73138313695436,-0.04400088130581305
2020-09-19,1.35907713828373,2.766672889735187,-3.6471815620035315,0.46078007819770483
2020-09-20,-1.4167885530092401,2.7281970385169134,-3.595288914127186,-0.5501941097441063
2020-09-21,-4.44933108280505,2.6874706350577853,-3.5403609308062927,-1.686932095729355
2020-09-22,0.72569445920738,2.7932651652431835,-3.683046748749857,0.229639877869402
2020-09-23,-2.81258288104684,2.7375080894928066,-3.6078467932735023,-1.058200441478013
2020-09-24,4.89361364351204,2.7449288395185767,-3.6178552103941812,1.752090686821396
2020-09-25,-0.62788897837311,2.9826698526728586,-3.9384981667096337,-0.23875869652117954
2020-09-26,0.54102304729362,2.918291000150279,-3.851669960994701,0.15652094306771255
2020-09-27,0.22805831897406997,2.8551536757225455,-3.7665162128476846,0.05036819292523592
2020-09-28,-0.6108227146349,2.791918984099947,-3.681231144888426,-0.2489585501575921
2020-09-29,1.25255833075161,2.734537442937987,-3.603840261624344,0.42724188910439576
2020-09-30,-0.5561903231040299,2.6939866434690187,-3.549149116625112,-0.23772935640223616
2020-10-01,-1.5421675401221,2.6397787501134644,-3.4760385542086976,-0.6161186530713124
2020-10-02,-0.41025453782753996,2.606193409813434,-3.4307417723880795,-0.18974183718276674
2020-10-03,-0.25226166976999004,2.5540049054243474,-3.360354773901877,-0.1317581876445766
2020-10-04,1.1334718114117202,2.50271631480739,-3.2911814953729337,0.4192334614194531
2020-10-05,1.1532279024732899,2.4687168448496215,-3.245326174005465,0.43300977060183055
2020-10-06,-1.7659664062252298,2.436878475923261,-3.2023855446148377,-0.7592564882942382
2020-10-07,0.6069812450622399,2.419783123746903,-3.179328924352502,0.216024259417405
2020-10-08,2.28613846473138,2.376909902054072,-3.1215055123632713,0.9263662350114646
2020-10-09,1.35371939231898,2.4060673677463815,-3.160830388934658,0.5276119952135571
2020-10-10,2.07426777737271,2.3842843537895795,-3.1314514866581833,0.8346397049520105
2020-10-11,0.77441489400023,2.399490613588279,-3.151960274904962,0.28763000875592215
2020-10-12,1.49248661016283,2.360584911614168,-3.0994878843275258,0.5965628329784575
2020-10-13,-1.12670255308664,2.3468349317120607,-3.080943190895818,-0.5159936578953629
2020-10-14,0.03156734004647,2.3163204585730424,-3.039788108952284,-0.02274385116386911
2020-10-15,0.5744241377636,2.2733890771685115,-2.9818862565557778,0.21561410445854196
2020-10-16,-1.51839682907954,2.236079117245655,-2.931566054370418,-0.7167216063704038
2020-10-17,0.31726798498965,2.2213945243526556,-2.9117608419040075,0.1048974392576548
2020-10-18,1.09676932179159,2.1831950585203574,-2.860240956918111,0.4637789601235799
2020-10-19,2.22763414650639,2.1629942816033805,-2.832996028730962,0.9909340847232685
2020-10-20,1.47348266052489,2.2035770698324324,-2.887730317193183,0.6304446037943442
2020-10-21,7.3384054305869,2.197423220818785,-2.8794305782702474,3.301210242094301
2020-10-22,1.10279875667966,2.914624391075872,-3.8467247798596818,0.34946162256591956
2020-10-23,-0.26529704553777,2.8621870675200274,-3.7760021972344253,-0.12212564206878293
2020-10-24,1.35582828497842,2.7993654047633236,-3.6912741841764096,0.4542382695058872
2020-10-25,-0.58830252475114,2.759326431179985,-3.6372733423054004,-0.24373771256473392
2020-10-26,0.3376507193094,2.702946922684847,-3.5612339074613932,0.09375002127441527
2020-10-27,4.332755896265359,2.6459425570080217,-3.4843517233948065,1.6056684591314048
2020-10-28,-2.84458494184569,2.8326012954735007,-3.736099660907144,-1.0339733778735645
2020-10-29,1.24751034586481,2.8357805909534104,-3.7403875988113082,0.41020837852255443
2020-10-30,0.80520755833077,2.790697309097103,-3.6795834633236364,0.25834337825765386
2020-10-31,1.71606081406299,2.7364816560579595,-3.6064624353680497,0.5963173269027561
2020-11-01,-0.31895931935235,2.713320108629296,-3.5752242954197366,-0.14860344191387045
2020-11-02,-1.36782301231175,2.6563624816133364,-3.4984051481098093,-0.5466394026292365
2020-11-03,2.90784151533731,2.617610755666146,-3.4461404260697384,1.0786906041783375
2020-11-04,1.30614446957189,2.6738064719758117,-3.5219319791161725,0.45698710605068177
2020-11-05,9.74158108042448,2.6377009915987504,-3.473236266863202,3.6612685529480524
2020-11-06,-0.08969303080483,3.668834563927095,-4.863933280394117,-0.04741081004827963
2020-11-07,-4.817614127429691,3.577082031855222,-4.740186002873003,-1.3703525587562393
2020-11-08,4.26156675918445,3.633461008281825,-4.81622472011248,1.149679977811492
2020-11-09,-0.95582003272998,3.7177581740291736,-4.9299168932702635,-0.2797571471430242
2020-11-10,-0.2704687109615,3.6305940591594585,-4.812358045910982,-0.097702495235092
2020-11-11,2.64880155918145,3.5407155134926342,-4.691138226875207,0.7243033679505201
2020-11-12,3.59667008912634,3.52179395274217,-4.665618586420095,0.9973385009044575
2020-11-13,0.25443132057159,3.56323523661136,-4.721510733917178,0.04776051017315177
2020-11-14,-1.5418716403051,3.475178424335194,-4.602747899363168,-0.4679244716536416
2020-11-15,-0.70292409260943,3.406565269560895,-4.510208860780524,-0.23107541412672733
2020-11-16,4.65638986904135,3.3275706987610825,-4.40366833427202,1.3740175326521429
2020-11-17,5.41024758441377,3.4738101778878936,-4.600902535872831,1.533186306641528
2020-11-18,0.89479998763621,3.680733071908523,-4.87998088078199,0.22021444750185196
2020-11-19,0.07346200168818,3.5950582916010854,-4.764430709295061,-0.0030006150779536
2020-11-20,4.41487626981942,3.5056186968195306,-4.643802906368171,1.235338825053705
2020-11-21,0.11227042351790999,3.6134357050144157,-4.7892164544557305,0.007754679479959883
2020-11-22,-1.47105616597471,3.52338096954396,-4.667759007007594,-0.4414241795658269
2020-11-23,-0.03201850997101,3.4514917418257633,-4.570801506082676,-0.03368627436251294
2020-11-24,3.96802677655614,3.367031131070159,-4.4568888935066076,1.1534723730094116
2020-11-25,-1.9839332374637302,3.4485227056982466,-4.5667971464280095,-0.5997300298618887
2020-11-26,-8.82052536237854,3.391328540468118,-4.4896589783851155,-2.625748182142642
2020-11-27,-0.24647942560278,3.7896199633826857,-5.026837387882084,-0.08727229025668463
2020-11-28,3.49782933002664,3.694266247359864,-4.898233168544547,0.9240210947605905
2020-11-29,2.56357047024113,3.7174261686481955,-4.929469115306095,0.6669456150459687
2020-11-30,7.666315234015279,3.6851065329828327,-4.885879398120634,2.0574889160867906
2020-12-01,-4.28305306024281,4.134451357783893,-5.491913885471627,-1.056319707287065
2020-12-02,2.09508141373078,4.127705212515504,-5.482815312474522,0.48715494988104047
2020-12-03,1.26433160461818,4.0569732804953444,-5.387418664298679,0.2908774929545543
2020-12-04,-3.9099467524232803,3.9649205902092173,-5.2632665613084395,-1.0073836409461603
2020-12-05,2.40126130758753,3.9509666064005033,-5.2444467263904295,0.5864417876956811
2020-12-06,0.99166443898983,3.9000566700039383,-5.1757841414394985,0.23266714511223588
2020-12-07,-0.7965956561317701,3.808265591687371,-5.051984876330338,-0.23129821771321482
2020-12-08,-4.6418459556244605,3.716147012618501,-4.927743908681004,-1.271772975444909
2020-12-09,1.26250410295796,3.7529561851737476,-4.977388695464092,0.3139537625855152
2020-12-10,-1.5694640220806002,3.6719863357716913,-4.868184096980094,-0.45035935830549384
2020-12-11,-1.13473565301518,3.596346786645243,-4.7661685115138495,-0.338950916898745
2020-12-12,4.041245632345889,3.5159690942881405,-4.657762559350811,1.1254354456556908
2020-12-13,1.7853539827285598,3.59163880587693,-4.7598188251395905,0.47362908323102937
2020-12-14,0.5431863337978601,3.532273242545038,-4.679752077389519,0.1299267962812274
2020-12-15,0.88161584772024,3.447191836271049,-4.565002193584389,0.23130898940010824
2020-12-16,9.305159757677819,3.3696699430335806,-4.460447877536691,2.736443190508005
2020-12-17,6.7782427110749595,4.123443526429761,-5.477067546839596,1.6233988122705783
2020-12-18,1.4487680725324,4.403957190407968,-5.855398274514597,0.30983922543577563
2020-12-19,3.11408041468403,4.303545094977419,-5.719971783723181,0.704031434552877
2020-12-20,-1.65816229456172,4.269633653893094,-5.674235187508968,-0.4080939545661142
2020-12-21,-2.91380769323268,4.173487025822594,-5.544561562183407,-0.7183578294330132
2020-12-22,4.20765679457773,4.112107187464876,-5.461778147710401,1.0027480361755212
2020-12-23,-2.30394366630086,4.1571313138554356,-5.522502499810394,-0.5744810240045234
2020-12-24,2.1057908650393,4.079177567997695,-5.417365741133132,0.4955757486741411
2020-12-25,3.83860181705788,4.010858906908413,-5.325223888229675,0.9360469955168955
2020-12-26,6.93891860501825,4.036733180606702,-5.360120700946421,1.6980733951268845
2020-12-27,-0.62509888701249,4.345894928533196,-5.777089298495356,-0.16322260120908766
2020-12-28,3.04580432942422,4.234141255332456,-5.626366342961628,0.6994464197174274
2020-12-29,1.0198176486275299,4.200209498731026,-5.58060234706834,0.2227432372375961
2020-12-30,5.26251818893506,4.098430047904195,-5.443331694553285,1.2634761946904471
2020-12-31,0.55588022290535,4.229721196461057,-5.620404978850279,0.11150400066460078
2021-01-01,1.2759952848226,4.1211589891129385,-5.4739863754869535,0.2891773649516583
2021-01-02,8.95900111488074,4.027048408671983,-5.347058781746245,2.2037857076576155
2021-01-03,2.01751724033929,4.596448249790925,-6.115012303772524,0.42060037391330285
2021-01-04,-2.50224673558161,4.504356396438868,-5.99080738128315,-0.5742210197733392
2021-01-05,6.12800117132046,4.4176236617696345,-5.8738303393975775,1.3681001928297674
2021-01-06,8.002182823087969,4.59985619612771,-6.119608624676069,1.7213436893852097
2021-01-07,6.68709242585272,4.961092433259081,-6.606810447640061,1.3309252199743933
2021-01-08,3.5592889879449503,5.145422100319702,-6.855417150365791,0.6753653116087317
2021-01-09,-1.34005226205147,5.092612310504165,-6.784192219908115,-0.279679968356858
2021-01-10,-4.83004859568652,4.963183893535154,-6.6096312146463045,-0.990150292414466
2021-01-11,-7.5513900603725705,4.935501344811147,-6.572295568838099,-1.5470848683293839
2021-01-12,-4.73164778588302,5.0567684386902805,-6.7358493409420115,-0.9523665621782818
2021-01-13,9.53397207362574,5.020094990263715,-6.686387606234314,1.882379258589537
2021-01-14,4.89216127788516,5.509846444494475,-7.346918795450854,0.8726036085606743
2021-01-15,-6.2166498972308295,5.513330812257403,-7.351618186462832,-1.1428480349894043
2021-01-16,-1.77318471436187,5.518893139941687,-7.3591201364588406,-0.3365591713894964
2021-01-17,-1.07508721993383,5.381058543720001,-7.173221658831056,-0.21544768530550956
2021-01-18,2.3165388859228,5.239255685318082,-6.981971158428477,0.42606996722344437
2021-01-19,-1.5413522880193,5.131873229936703,-6.837143694739857,-0.3167657506308726
2021-01-20,-1.4579216975338398,5.003777030853626,-6.664379460997333,-0.3082013998283276
2021-01-21,-14.252813081835919,4.878861430507919,-6.495904922871366,-2.938608253964578
2021-01-22,6.83334114753027,5.602193793288336,-7.471468306417825,1.2047230082993354
2021-01-23,-2.88346413942708,5.744335051020966,-7.663175208349004,-0.5166330830064824
2021-01-24,0.68908473517446,5.619471373769864,-7.494770699261503,0.10763207197630432
2021-01-25,0.238226863679,5.46711292083258,-7.2892837951665985,0.02816431233534328
2021-01-26,0.62663834606837,5.3172483821260075,-7.087160450522892,0.10200557116863987
2021-01-27,-6.78743452244088,5.173999132975561,-6.893959192867946,-1.3281184889362483
2021-01-28,9.50202595471694,5.231187643103876,-6.971089733835733,1.8003132767236982
2021-01-29,2.50900708478187,5.687979888439966,-7.587168609008556,0.42629505457742123
2021-01-30,-0.13665573129024,5.569618547429566,-7.427533845988481,-0.03966252216613115
2021-01-31,-3.42894233895716,5.416575425374477,-7.221123523897169,-0.6486001672391286
2021-02-01,1.26875420679954,5.318311576698235,-7.088594388429754,0.2227219676608032
2021-02-02,5.71679388794201,5.182825158931241,-6.905862915399447,1.0867710809097457
2021-02-03,5.37738978015394,5.265898101123505,-7.017903969742327,1.0051733418883555
2021-02-04,-1.46786767038236,5.317644048019865,-7.087694087863107,-0.2918805854943231
2021-02-05,3.24588533084337,5.182324637768873,-6.905187859030035,0.6100806421884942
2021-02-06,2.89827412811316,5.112950264059809,-6.811622159180966,0.5503720151728357
2021-02-07,-0.92765881834058,5.031712434542211,-6.702056134053154,-0.20110612824334118
2021-02-08,17.18205618881239,4.899908617816533,-6.524291410634753,3.489413402290618
2021-02-09,0.61426193854519,6.634919783368041,-8.86431302483445,0.07988228464641103
2021-02-10,-3.4203203429628397,6.450266315813425,-8.615269610132636,-0.5433217109462818
2021-02-11,6.44676160583941,6.311721749058103,-8.428413590313113,1.0080470069810676
2021-02-12,-0.84784646579247,6.371167179153127,-8.50858805492155,-0.14629907321321414
2021-02-13,-0.8441745251820599,6.196064385102868,-8.272425699935138,-0.14984090791863625
2021-02-14,3.36438799062381,6.026429147662385,-8.043637476538056,0.5442922371520912
2021-02-15,-1.5978235928811197,5.925460832465926,-7.907460808283625,-0.28387209505613975
2021-02-16,2.58352607407488,5.77169155053043,-7.700071109316097,0.4330232591935914
2021-02-17,5.82141521695209,5.65253095222182,-7.5393583824245205,1.0149729170245274
2021-02-18,-0.9038226589303999,5.7105949647683785,-7.6176697195869645,-0.17302436135471155
2021-02-19,7.8285135436932,5.5567367061476975,-7.410160017145898,1.3936712436493977
2021-02-20,0.37751835203785,5.7939583226079545,-7.730102459531243,0.05061633997079989
2021-02-21,2.53521597105326,5.634275937445095,-7.514737717155491,0.4350100368638653
2021-02-22,-5.96634472552537,5.518798225235872,-7.3589921243356216,-1.096360813784028
2021-02-23,-10.45852445010098,5.511981917466898,-7.349798922686474,-1.9127010929582526
2021-02-24,1.78814957381217,5.78957838433173,-7.724195206345372,0.29430470975560763
2021-02-25,-5.39697592520518,5.648225107906066,-7.533551060277957,-0.9704332260654681
2021-02-26,-1.61420754568872,5.60900535675466,-7.480655109393023,-0.3028089341094012
2021-02-27,-0.32705424799903,5.465905914812299,-7.287655897760516,-0.0752489417515403
2021-02-28,-2.3010476566760403,5.316601621004428,-7.086288159304385,-0.44865070105242966
2021-03-01,9.49011603271383,5.194924103941206,-6.922180846600387,1.8105878847727246
2021-03-02,-2.5554925208490697,5.655139620670403,-7.542876711686699,-0.4667863369817587
2021-03-03,4.36647276939012,5.526430272598129,-7.369285519642158,0.7748624646218231
2021-03-04,-3.9906122199127396,5.497383055342699,-7.330109335903621,-0.741236615075716
2021-03-05,0.75114201765362,5.412827830831586,-7.216069117098101,0.1232059564227971
2021-03-06,-0.03050270395785,5.26757931203773,-7.020171430583748,-0.021784596864007955
2021-03-07,4.5839623360681205,5.12387821235011,-6.826360758969765,0.878184992261986
2021-03-08,2.01031365155035,5.1304381755994966,-6.835208226984208,0.37541905736369335
2021-03-09,4.81568402532346,5.018002752254515,-6.683565790293999,0.9428919972978523
2021-03-10,2.1374179798028603,5.046346339053274,-6.721792982746654,0.40686240183506056
2021-03-11,3.15730003902974,4.940746974099453,-6.579370385506967,0.621980981283864
2021-03-12,-0.8216872853115099,4.878340470910469,-6.49520230104255,-0.18570591341823886
2021-03-13,6.59904612617126,4.750630229118214,-6.322958610579871,1.371354204424456
2021-03-14,-3.22025926592886,4.9462831601553665,-6.5868370781071555,-0.6680791508970431
2021-03-15,-5.89552084168225,4.86127307596312,-6.472183386889231,-1.2300831769878744
2021-03-16,1.5929471547609702,4.890349784094339,-6.511399345176855,0.3085050831872736
2021-03-17,3.57241870803566,4.7759243804314995,-6.357073008205151,0.7303652743171004
2021-03-18,-1.73391519166123,4.742132699669776,-6.311497933570151,-0.3834065165641443
2021-03-19,0.83943190505788,4.630439509550877,-6.160856551989151,0.16309089357417123
2021-03-20,-0.0565879125375,4.5115436495754055,-6.0005008795269354,-0.031217098022499445
2021-03-21,-1.36439041398457,4.3919667652527865,-5.839226704795823,-0.3298385163680244
2021-03-22,-5.34568810444326,4.286707611851481,-5.697262953240875,-1.2666918259680613
2021-03-23,0.38401154329434,4.323645777020403,-5.747081713258294,0.06933087744686564
2021-03-24,-3.65517577776586,4.210834275590688,-5.594932057442137,-0.8880485245516769
2021-03-25,-2.04854329155548,4.173654444813073,-5.544787361339128,-0.5110132397305074
2021-03-26,6.4288419319892,4.088969409131956,-5.430572065306671,1.5516360993104146
2021-03-27,1.5051908974824,4.335474709342036,-5.763035476470376,0.3277476181827308
2021-03-28,-0.04068041327034,4.2388820951422606,-5.632760346553458,-0.029472346309794582
2021-03-29,3.1655029393316796,4.1281362653980045,-5.483396676492197,0.7464030626495145
2021-03-30,2.00146099199844,4.1060138037049185,-5.453559958695243,0.4669277055192631
2021-03-31,0.0019359447593458867,4.032864475540875,-5.354902951543568,-0.02041066431663187
2021-04-01,0.29992328786878003,3.928833055638273,-5.21459505268887,0.054895155128871116
2021-04-02,0.48700908440881,3.828647649207414,-5.079474298926418,0.10519633392958133
2021-04-03,-3.04399811679676,3.7329355455792137,-4.950386719735354,-0.8380127292327657
2021-04-04,1.9846643132376902,3.696262858904083,-4.900926012407109,0.5141449615401731
2021-04-05,0.50812073262136,3.6397181457880894,-4.824663764943079,0.11645718922158492
2021-04-06,-1.47638975496207,3.550609503853969,-4.704482320421053,-0.43954119456734747
2021-04-07,-3.75288708531655,3.4777817774295987,-4.606259059770233,-1.103328707402863
2021-04-08,3.97876757042272,3.4844822035011087,-4.61529597096884,1.1176748667866745
2021-04-09,-0.13545498361153,3.5575962202551557,-4.7139053533765,-0.06175641017514147
2021-04-10,2.62341980966649,3.4697269489636393,-4.595395456651561,0.7318069863165532
2021-04-11,0.6862304387404,3.453225782898477,-4.573140219325924,0.17432426628966174
2021-04-12,-0.51876189981445,3.3725343481717256,-4.464311120648993,-0.1788006363657725
2021-04-13,5.85271434502683,3.2930797494050585,-4.357150151225222,1.7516930643009494
2021-04-14,-0.62199381491705,3.5711587226767083,-4.732197194627551,-0.19776303927252395
2021-04-15,0.32322511169766,3.4856099733896184,-4.616817002053454,0.06856066103723739
2021-04-16,-2.78866218745683,3.400506711081648,-4.502037640863432,-0.844848082757373
2021-04-17,-1.45429261014058,3.3708203637787033,-4.461999457989002,-0.4564295429317831
2021-04-18,-7.64724310981197,3.3044988994470814,-4.3725512382295415,-2.33968681269941
2021-04-19,-0.8788979117795701,3.6018655464019353,-4.773611701143197,-0.2674023466938629
2021-04-20,1.3347500558966199,3.5178736873362713,-4.6603312972283355,0.35547059935498043
2021-04-21,-4.65197455418273,3.4476137018683404,-4.5655711666466665,-1.373768743122277
2021-04-22,-4.058188374680681,3.5037898832223826,-4.641336372762718,-1.1822734526178331
2021-04-23,-1.30013026852058,3.523850672372951,-4.668392498476647,-0.3928599095240387
2021-04-24,-2.0620437180109903,3.4488096643314985,-4.567184169530525,-0.622328662556418
2021-04-25,-2.1132723278967003,3.3936914857054292,-4.492845899044915,-0.6475313754821155
2021-04-26,9.74797068019555,3.342367771330048,-4.423625248858939,2.8912800605858906
2021-04-27,1.85483191486532,4.176022626081908,-5.547981343871025,0.4239877715227953
2021-04-28,-0.37942553737355,4.095221566706629,-5.439004393668929,-0.11322340381951959
2021-04-29,-2.34296738251345,3.990259543059676,-5.297441383078196,-0.6082854371062725
2021-04-30,7.54151877209619,3.9200729814958852,-5.202780279826205,1.9023292218009786
2021-05-01,0.13475723603129,4.317457200570261,-5.738735137200465,0.011698517409863026
2021-05-02,-2.0916047590224798,4.204091916033371,-5.5858385902598595,-0.51755627381228
2021-05-03,1.00011022054022,4.119208733649923,-5.471356052393202,0.22233901993226243
2021-05-04,-6.9993636223776,4.019904532816071,-5.337423786742233,-1.7621346358738983
2021-05-05,7.38970864744761,4.182904211006731,-5.557262585273825,1.7465040773394307
2021-05-06,-1.8055093557642,4.525875852359045,-6.019830821004372,-0.41754542219342405
2021-05-07,1.68770967814353,4.423148109799027,-5.881281200839839,0.3625156224787384
2021-05-08,2.49216197027895,4.328017416643265,-5.752977773992715,0.556354642477942
2021-05-09,-0.97656280340281,4.264091299203939,-5.666760175230264,-0.24877802016221673
2021-05-10,-4.15955411597153,4.158269408531148,-5.524037456007248,-1.020569637712501
2021-05-11,1.5009957344290101,4.144665744806151,-5.505690100220243,0.34182402969414655
2021-05-12,-14.29671467730369,4.054985683735664,-5.384737978738661,-3.5464894790600785
2021-05-13,1.1442928110092498,4.950239264923149,-6.592172704095306,0.21413983576844872
2021-05-14,0.33001867597661,4.825010402486262,-6.423275667210355,0.050936530218854685
2021-05-15,-6.459870319528339,4.695749463787141,-6.24894054105482,-1.393626248120691
2021-05-16,-0.65252570902352,4.767540603437333,-6.345765749920884,-0.15453986827010877
2021-05-17,-6.488398448646571,4.642163566719448,-6.176668869353604,-1.4158587352611207
2021-05-18,-1.45319340846281,4.719550463217591,-6.281041114360988,-0.32576043168711594
2021-05-19,-14.81070763518861,4.6042524430627365,-6.125537873463382,-3.2350435183967896
2021-05-20,9.72750161239606,5.44363688699165,-7.2576215052089434,1.7714723492369435
2021-05-21,-8.91398168367931,5.899372081388148,-7.872274728434929,-1.5252862418818762
2021-05-22,0.61982374372444,6.031979496890378,-8.051123271106839,0.08878915390817566
2021-05-23,-7.6545645798333295,5.866126745160214,-7.827436512468766,-1.3192374293689164
2021-05-24,10.72224368266425,5.9252919035636324,-7.907232972699349,1.79535362442856
2021-05-25,-0.78787825810238,6.436656049386665,-8.596913349235887,-0.13549390230188912
2021-05-26,2.29615658127677,6.259132075793962,-8.35748553257772,0.3533888032219088
2021-05-27,-2.20571810715348,6.113679639195073,-8.161312820702854,-0.3745645225301758
2021-05-28,-7.39361115014425,5.962470904622525,-7.957376549754951,-1.2541546378282482
2021-05-29,-3.07656915421521,6.00098154030123,-8.009316111674769,-0.5267169246883948
2021-05-30,3.02199440789863,5.8710435671986545,-7.834067864515118,0.500378678248556
2021-05-31,4.53359172324656,5.763197241064375,-7.68861477511899,0.7720267326163479
2021-06-01,-1.75078535731181,5.73111217501016,-7.645341423597922,-0.32018824428482545
2021-06-02,2.39777887023144,5.5858197829624014,-7.449384564921189,0.414179041272326
2021-06-03,4.25566169513693,5.467838614224393,-7.290262542886405,0.7628996760220876
2021-06-04,-6.08403872671257,5.4356365372150215,-7.246831377877102,-1.1347867121514725
2021-06-05,-3.70647425747758,5.4392669805044225,-7.251727781966596,-0.6969181065883475
2021-06-06,0.8693599850188201,5.348246901881181,-7.128968369500892,0.1467977473026884
2021-06-07,-6.6332855635343,5.206264902941713,-6.937476261010613,-1.2902791303498116
2021-06-08,-0.26277750634573,5.252684304277538,-7.000082430123947,-0.06606658120824205
2021-06-09,10.94741023821388,5.109904397448876,-6.807514177719482,2.1259029534551064
2021-06-10,-1.73547429931293,5.771174059633957,-7.699373165748389,-0.31531256349465026
2021-06-11,1.70675784159861,5.62432943995086,-7.501322806874673,0.2884803372770969
2021-06-12,-4.89041950404054,5.486881009678928,-7.315945153946483,-0.906647853866202
2021-06-13,9.505680129465679,5.435116028173379,-7.246129363716033,1.733436911525867
2021-06-14,2.82587879663207,5.865771592448401,-7.826957515538669,0.4673945048180133
2021-06-15,0.46584533275275,5.751089771515797,-7.672285346813593,0.06635193678225154
2021-06-16,-5.23070315961433,5.593135028439292,-7.459250687323727,-0.9502635856981079
2021-06-17,-0.76847607876686,5.549799298130992,-7.400803486751206,-0.1536497845711489
2021-06-18,-6.14015913917374,5.400080824298589,-7.1988771408181815,-1.1526509934758804
2021-06-19,-0.48002198172945,5.408567858940112,-7.210323663408894,-0.10432916517832275
2021-06-20,0.23116253137924,5.261680056822212,-7.012215064085319,0.027921337289346277
2021-06-21,-11.95217958486782,5.118263067399448,-6.818787573959605,-2.3516628227527825
2021-06-22,2.58330476093924,5.570265435379288,-7.428406308260985,0.44864206241636584
2021-06-23,3.67666751556132,5.4588288112429755,-7.2781109590033735,0.6580932013032381
2021-06-24,2.74756998576446,5.3968529066709054,-7.194523625885478,0.49349512466206386
2021-06-25,-9.13046539742641,5.298010434946672,-7.061214097492843,-1.739278338232122
2021-06-26,1.71882384009229,5.496444083393436,-7.3288429379114755,0.2973876250695966
2021-06-27,7.374727447930949,5.363667892330435,-7.149766766468066,1.3592336823373423
2021-06-28,-0.62332624557548,5.575556760940775,-7.4355427558109985,-0.12690672227326938
2021-06-29,4.07851211241396,5.424120680061727,-7.2312998613198705,0.7363889854612203
2021-06-30,-2.3325202965851903,5.3844412188490605,-7.177783896281153,-0.44884317353655906
2021-07-01,-4.28182456008752,5.260954137724951,-7.011236011955006,-0.8299015413541823
2021-07-02,0.9632020913439701,5.196948587407525,-6.924911281517946,0.16912861244570276
2021-07-03,2.25049480213446,5.060980914006654,-6.741530735670365,0.4280287657942216
2021-07-04,1.77039180109179,4.958333951265661,-6.6030900638090255,0.34006229307271774
2021-07-05,-4.46747562616671,4.845771937262186,-6.451276893418129,-0.9393188686759514
2021-07-06,1.43922100794622,4.809001208480936,-6.401683956020144,0.2817573881563126
2021-07-07,-1.1157826650300902,4.694046845507724,-6.246644207951222,-0.2556497820175399
2021-07-08,-2.93117785379646,4.575283140507318,-6.086466773822118,-0.659068990704296
2021-07-09,2.76173634478738,4.4972763071290505,-5.981258415637058,0.5953574506282762
2021-07-10,-0.8244201233594499,4.4372892109885,-5.900353402269411,-0.20478032148846678
2021-07-11,2.12422526738755,4.324125353850299,-5.747728521860975,0.47176612902006393
2021-07-12,-3.21809263478307,4.246358908820633,-5.642844377111944,-0.7776879188726724
2021-07-13,-1.37820864258007,4.19165351157141,-5.569062827737377,-0.3488976429819194
2021-07-14,0.3672599836431,4.093628216446563,-5.436855431102248,0.06913441594475926
2021-07-15,-3.2249468356843196,3.9882903070057476,-5.2947854607295985,-0.8297280209706738
2021-07-16,-1.13665308584867,3.9458737520172056,-5.237577958297458,-0.30941245219226843
2021-07-17,0.35431692173464,3.853015036317524,-5.1123387632315245,0.07009252011346255
2021-07-18,0.83292031131758,3.7556149555187464,-4.980974597502084,0.1993470929210551
2021-07-19,-3.12725029887115,3.6663339980662895,-4.860560749843194,-0.8759430232949454
2021-07-20,-3.33385557342111,3.636044786748701,-4.819709480083389,-0.9400612923367235
2021-07-21,7.443417235693239,3.6154394775390006,-4.791918956382268,2.0354836233902285
2021-07-22,0.62837888821682,4.0462328129007705,-5.372932921026863,0.13447805046656466
2021-07-23,3.8503942271905305,3.9444578153253023,-5.235668274642864,0.954794046663129
2021-07-24,2.0948244356670602,3.9754288674851246,-5.277439147884163,0.505750477466065
2021-07-25,3.03786197976574,3.9110773756221624,-5.190647843680964,0.755191551660828
2021-07-26,5.46954286916125,3.8935022635104386,-5.166944167860328,1.3831489278502975
2021-07-27,5.39428534880368,4.06287138539872,-5.395373479363129,1.3069662948433416
2021-07-28,1.48351265164539,4.20925159561823,-5.592797485966492,0.33242566571642385
2021-07-29,0.03128737005972,4.116747569330966,-5.46803666297554,-0.012865014638963512
2021-07-30,5.41722306526182,4.009933769414558,-5.323976148863664,1.3299405885789337
2021-07-31,-1.45325453751503,4.163289735739009,-5.530808406194772,-0.3693002464182797
2021-08-01,-4.04780437557139,4.067460218695759,-5.401562470715018,-1.0158805596629592
2021-08-02,-1.95252494648094,4.053920681471325,-5.383301602784889,-0.5024208647184967
2021-08-03,-2.71224912051319,3.9716989939494307,-5.272408641530632,-0.7041063566442257
2021-08-04,4.09431646384774,3.9128988482933895,-5.193104476528622,1.0248327982699195
2021-08-05,2.78383573712464,3.9634039394046328,-5.261221043830289,0.6811282399154301
2021-08-06,4.65381406264153,3.92975153666273,-5.215833814428353,1.1628126186110153
2021-08-07,3.9818811458776,4.0227702954603926,-5.341288860732548,0.9688924476925543
2021-08-08,-1.71515239020898,4.05773455948773,-5.388445406565236,-0.44344984908037616
2021-08-09,5.6962712090069,3.9704340445539454,-5.270702595491808,1.4134529772382347
2021-08-10,-1.6974141392609,4.154329349858854,-5.518723471499572,-0.4288691090718442
2021-08-11,0.01887605723425,4.063114564012879,-5.3957014560497,-0.016089462785234702
2021-08-12,-2.58917535442009,3.9580724421529294,-5.254030416442559,-0.6754360313754147
2021-08-13,7.30094797189178,3.8961530109912217,-5.170519249405609,1.8522626200072407
2021-08-14,-1.46777437579732,4.2669907839595185,-5.670670730466341,-0.36372793900464273
2021-08-15,-0.10609584864251,4.167702625710297,-5.5367601015607315,-0.04567150143399446
2021-08-16,-2.2408306921166203,4.059394829535923,-5.390684624315137,-0.5727651971677039
2021-08-17,-2.88691990345864,3.9837615800934736,-5.288677535276473,-0.7458200576333199
2021-08-18,0.23649666500116,3.9299542200776463,-5.216107174958338,0.03874021646849404
2021-08-19,4.18858533323494,3.829509608080413,-5.080636828847502,1.0717654126707379
2021-08-20,5.45979069838526,3.8930771997846003,-5.166370881459859,1.380794943105316
2021-08-21,-0.88287012354673,4.061546887460532,-5.393587119791005,-0.2381160523682883
2021-08-22,0.8473475397265,3.9616170115522964,-5.258811001819895,0.19262289860357093
2021-08-23,0.45413466832807997,3.865392415491729,-5.129032220524393,0.09569152126484559
2021-08-24,-3.78448943309503,3.768195183949364,-4.997941638996516,-1.0266821733062055
2021-08-25,2.5960121950429698,3.75958974181687,-4.986335419400009,0.6680949198528902
2021-08-26,-4.21022974523754,3.7267675343127493,-4.942067880083641,-1.1523335151714962
2021-08-27,4.40994303022677,3.740532188270957,-4.96063236451677,1.1564380213025838
2021-08-28,-0.31903644385734997,3.828499813466893,-5.0792749118359835,-0.10533782194342994
2021-08-29,-0.14850847584071,3.732147803374923,-4.949324286351029,-0.06236566071534226
2021-08-30,-3.70246399472762,3.6384033690207755,-4.822890516381658,-1.0407623890120903
2021-08-31,0.23710718587305998,3.6334371871810998,-4.8161925924284175,0.042069751090858976
2021-09-01,3.50056537880174,3.5429378773706848,-4.694135544478983,0.9642607658514762
2021-09-02,0.9792724788171701,3.5761532823171978,-4.738933391917924,0.25027537142735456
2021-09-03,1.40441280061871,3.4957088270134333,-4.63043739610484,0.37765256723126855
2021-09-04,-0.16154849967335,3.4282113839756083,-4.539403125693377,-0.07169857979772089
2021-09-05,3.5575435016673,3.3448518428762153,-4.426975533413103,1.0383999881072634
2021-09-06,1.6863140380221902,3.3958989350504463,-4.495823101314359,0.47176452564078175
2021-09-07,-11.723249529729959,3.3413510483372297,-4.422253987494121,-3.533749895393318
2021-09-08,-1.54947935729907,4.078209398126333,-5.4160599637005795,-0.4005995243534431
2021-09-09,0.64883905339527,3.987078962906111,-5.293151712525747,0.14160483673482863
2021-09-10,-3.30351866444651,3.88750926095987,-5.158861363679741,-0.8714495130010603
2021-09-11,0.7049939410356,3.852897410449615,-5.112180120406186,0.16111110343814777
2021-09-12,1.88865545282386,3.758529032337406,-4.984904833155025,0.4800830456530039
2021-09-13,-2.41742960521182,3.6957993940438225,-4.900300934129826,-0.6768979390622837
2021-09-14,4.62720067779098,3.6401438243483017,-4.8252378805749405,1.248014229437824
2021-09-15,2.27546013145083,3.754960213096644,-4.9800915418481075,0.5835509883711125
2021-09-16,-0.8190739435939,3.7075909210066746,-4.916204248474619,-0.24364158577470907
2021-09-17,-1.08540797092775,3.619206264698169,-4.796999248396264,-0.323180629449252
2021-09-18,2.11601261540241,3.537280824395886,-4.686505837825485,0.5743856166538104
2021-09-19,-2.13145947025648,3.4931050841761775,-4.626925710048884,-0.6343092476941954
2021-09-20,-9.81079383699565,3.438001511063734,-4.552607138120982,-2.8781381255816134
2021-09-21,-5.14882678633252,3.9322691391132083,-5.219229322346142,-1.330803154363118
2021-09-22,6.8399601996782495,3.9823629536742904,-5.286791198106972,1.696407607860322
2021-09-23,2.98563090232235,4.286953666925007,-5.697594809428181,0.6767932989113467
2021-09-24,-4.6862195289874,4.247353865447343,-5.644186282027554,-1.1231625779052063
2021-09-25,-0.28789527384098,4.252999986426055,-5.651801244621971,-0.08750168418358886
2021-09-26,1.14506820444972,4.142431623430362,-5.502676925197574,0.25608601736367875
2021-09-27,-2.277158282957,4.04490352253757,-5.371140097877827,-0.5837982680189245
2021-09-28,-2.8852332947741,3.970773918651474,-5.271160986048661,-0.7478347403839741
2021-09-29,1.28289248145723,3.917497068180079,-5.1993061276391925,0.30597166323087865
2021-09-30,5.2182760118164095,3.830926546981724,-5.082547864188888,1.340152717899872
2021-10-01,9.4208418931279,3.9823445272248517,-5.2867663462265835,2.344496424529634
2021-10-02,-0.84621139211407,4.626291195565656,-6.155261692093931,-0.20112455973588644
2021-10-03,1.01858351791364,4.5070586495130485,-5.994451928780117,0.20730463097268703
2021-10-04,1.87637285934272,4.394768606668005,-5.843005567780308,0.40778562694279813
2021-10-05,4.77476105346852,4.306116567459689,-5.723439946527146,1.0892672300395985
2021-10-06,7.201410137731119,4.379995908114387,-5.823081526597245,1.624924063682748
2021-10-07,-2.84987943333465,4.677143504318,-6.2238465542406916,-0.6273335035433282
2021-10-08,0.30037607441677,4.592660753022001,-6.109904080563956,0.047059144629935254
2021-10-09,1.83667929108164,4.4707541582449215,-5.945487809155597,0.391976351472099
2021-10-10,-0.35838363168759996,4.378015294404814,-5.820410259125426,-0.10110357998460481
2021-10-11,4.834896270757301,4.263649835034086,-5.666164769436999,1.1142206951231117
2021-10-12,-2.54357635060848,4.3454419767318235,-5.776478399253641,-0.6047315215537475
2021-10-13,2.39788148164823,4.266121020362454,-5.669497674259681,0.5423268779298674
2021-10-14,-0.13872457018971998,4.201062520481441,-5.581752823430098,-0.053075610492996785
2021-10-15,7.188745837457939,4.091732397440264,-5.434298526835906,1.7363052515600341
2021-10-16,-1.14588846325887,4.422888522834129,-5.880931094096617,-0.2781299697498806
2021-10-17,1.0803865067540301,4.313635450182816,-5.733580715898597,0.23092751588633495
2021-10-18,0.76462923492908,4.208966033233254,-5.5924123459937265,0.16165011590800218
2021-10-19,3.54134436604987,4.103226264861473,-5.449800385688684,0.842530914722175
2021-10-20,2.65778345420368,4.104284638168765,-5.4512278211220275,0.6270359619960105
2021-10-21,-5.90276683907298,4.057742526513252,-5.3884561517479135,-1.4754549328248285
2021-10-22,-2.47022510827044,4.143397506119816,-5.5039796178919955,-0.6165168783109877
2021-10-23,1.14896048885757,4.070340067723178,-5.405446543108091,0.261577923057681
2021-10-24,-0.75664913448871,3.975434097304677,-5.277446201378131,-0.211523698220256
2021-10-25,3.40272733340043,3.8771891408332895,-5.14494254595867,0.8558978747379704
2021-10-26,-4.3377186101063,3.882960902170395,-5.152726960577429,-1.1388134233951996
2021-10-27,-3.16638438636829,3.8934737280107776,-5.166905681833665,-0.8348929519637873
2021-10-28,3.59344915880246,3.8534866050074887,-5.112974771200237,0.9106557594979782
2021-10-29,2.61443755051544,3.872931782133937,-5.139200616699835,0.6533004723665072
2021-10-30,-0.54647503804901,3.835430902337992,-5.088622919555089,-0.16444682277253775
2021-10-31,-0.92506986493585,3.7401992931733967,-4.9601833865856655,-0.26985707809264003
2021-11-01,-0.51429500650197,3.6518721047110905,-4.841055893790778,-0.16390070000915402
2021-11-02,3.57758773484739,3.56267445677704,-4.720754406258215,0.9805381854067983
2021-11-03,-0.40628056171509996,3.5999649074271582,-4.771048296151878,-0.1362596475613299
2021-11-04,-2.43990342546087,3.5118330435322864,-4.652184238958245,-0.7187564961021313
2021-11-05,-0.5328129187967401,3.4650200434939675,-4.589047220540051,-0.17808332963598186
2021-11-06,0.6551908440947299,3.3824329012915118,-4.4776613680188655,0.16879609232533407
2021-11-07,2.88276815397843,3.303854625652258,-4.371682301685913,0.8470465814221039
2021-11-08,6.48055609615578,3.31166538961189,-4.3822167333090905,1.9314471590082094
2021-11-09,-0.88450991822011,3.6640207180521087,-4.857440813014915,-0.26439787887968297
2021-11-10,-2.9958165420444103,3.577897547235421,-4.741285894132649,-0.8608591747487022
2021-11-11,-0.06967481072823,3.5470682644095475,-4.699706226177089,-0.04339476634175601
2021-11-12,-1.23004375187143,3.459405008646959,-4.581474184027455,-0.37991884049146246
2021-11-13,0.4875963708276,3.3855840871842626,-4.4819113943275175,0.1191366017315426
2021-11-14,1.53510846380697,3.305095351094191,-4.373355676710269,0.4389764656933621
2021-11-15,-2.95929058467159,3.2492744581159485,-4.298069650495276,-0.9366829462108378
2021-11-16,-5.4922454251583295,3.233957007335509,-4.277410898198847,-1.724356508238476
2021-11-17,0.34309649222326,3.362236444098226,-4.450422265873073,0.07698658578088317
2021-11-18,-5.84237504033087,3.281503923188706,-4.341537753975967,-1.8060695848188792
2021-11-19,2.0466973046305603,3.430716818904257,-4.542782223189931,0.5720227055794334
2021-11-20,2.67824596180403,3.388524729271102,-4.485877458742234,0.7655238728500998
2021-11-21,-1.6326255638853397,3.3794411847023342,-4.473626419067969,-0.508035162576929
2021-11-22,-4.2454514477448395,3.3165524847481045,-4.388807992475862,-1.305482381316141
2021-11-23,2.24812481032117,3.3589825973244927,-4.446033780120931,0.6442056068527019
2021-11-24,-2.26387199646378,3.329233318261422,-4.405910720744356,-0.7053039423184934
2021-11-25,1.75118381607806,3.285215847573092,-4.346544052184416,0.5074048420609575
2021-11-26,-6.68738010212823,3.237811813596108,-4.2826099021865165,-2.091421577219873
2021-11-27,2.29804696074218,3.4587980632637256,-4.580655592571905,0.6400482284441774
2021-11-28,4.34353862778884,3.426485917523339,-4.5370759771003,1.243048809336234
2021-11-29,0.9701684218224901,3.53489921983271,-4.683293751203243,0.2506207331309253
2021-11-30,-1.39559224210756,3.455782821131299,-4.576588914557368,-0.42822182599634356
2021-12-01,0.39287807348422,3.3850392494525128,-4.48117656789306,0.09117433002587974
2021-12-02,-1.32273021087421,3.3038263809267407,-4.371644207828359,-0.42586366123864694
2021-12-03,-5.23315856653425,3.2375575832879706,-4.282267020003486,-1.6424133988493028
2021-12-04,-8.56084308551636,3.347403535287176,-4.430417018697458,-2.5826263198287425
2021-12-05,0.34116964724475,3.7264226346979243,-4.941602711576692,0.06894555036468548
2021-12-06,2.42885268514285,3.633211657819988,-4.815888419412061,0.6453252709052427
2021-12-07,0.2319467736866,3.59854323304139,-4.769130874029702,0.041043660258512416
2021-12-08,-0.38592862213864,3.5092111775474577,-4.648648110087233,-0.13398395997111853
2021-12-09,-5.77215558084756,3.4240799207284605,-4.533830992505678,-1.7103587253318875
2021-12-10,-0.90358194216157,3.554557031055717,-4.709806377786295,-0.2779056071783607
2021-12-11,4.38802407167244,3.472544041665739,-4.599194889152632,1.2393722389778214
2021-12-12,1.47966078381642,3.580866213677183,-4.745289755189568,0.389685431609408
2021-12-13,-6.94413703081746,3.51215401555231,-4.652617136151831,-2.0011612211477234
2021-12-14,-0.26748276204262,3.722942324982533,-4.936908793681624,-0.09447692688829139
2021-12-15,4.78387780999813,3.6299201239051326,-4.81144910475083,1.2946919661521659
2021-12-16,-2.55040641984596,3.759676615526256,-4.986452586575475,-0.7007666023108898
2021-12-17,-3.11800932560402,3.7052244335581737,-4.913012550409976,-0.8642549920607456
2021-12-18,1.38986956563087,3.6726482833638707,-4.869076870297016,0.3554982881810123
2021-12-19,-0.30305301841355,3.597879465773178,-4.76823564650307,-0.10764741006530625
2021-12-20,0.3702680378991,3.509263493140181,-4.6487186684906385,0.08150389694422254
2021-12-21,4.29287928874675,3.4236110550249808,-4.533198630073618,1.2292955692982366
2021-12-22,-0.63158344064895,3.52784897507929,-4.67378503711773,-0.2029091476164854
2021-12-23,4.33819393295866,3.443895986661856,-4.560557058316219,1.2352128408145968
2021-12-24,0.07412156675563,3.5503356093537386,-4.704112917005516,-0.0028526376553719302
2021-12-25,-0.7749727198992999,3.4624144671247272,-4.5855330615867675,-0.24815691935832832
2021-12-26,0.75002049298351,3.3821936949822753,-4.477338748807543,0.19684594237377606
2021-12-27,-0.33336209666927,3.304916352657286,-4.373114260274696,-0.1263606820600993
2021-12-28,-6.21514265119778,3.2265883486968576,-4.267472737093916,-1.952338308525175
2021-12-29,-2.43360119563416,3.4101721028641596,-4.515073421917669,-0.7383353412936343
2021-12-30,1.5667738713133799,3.367798444347143,-4.457923774254729,0.4402058222925187
2021-12-31,-1.86491727568665,3.310395808456551,-4.38050444038357,-0.5888016951059142
2022-01-01,2.93737331477697,3.255922119645971,-4.30703539779016,0.8762875222835861
2022-01-02,-0.71890544000208,3.270075294550881,-4.32612388312363,-0.24560744186670702
2022-01-03,-1.89146366957633,3.1961415018121846,-4.226408863149499,-0.6181556906226455
2022-01-04,-1.21389346638611,3.1472497317997035,-4.160468193223424,-0.41246896967654
2022-01-05,-5.2066288454813705,3.0850506977158134,-4.076579923782586,-1.7150052792334476
2022-01-06,-0.94102973035887,3.206964044706817,-4.241005301948781,-0.3197039642072701
2022-01-07,-3.7847988650375,3.13810576057129,-4.148135655693438,-1.2329247476150145
2022-01-08,0.42270483325967,3.1678278338418537,-4.188222022428628,0.10684148988144988
2022-01-09,0.42479352061128,3.094475205583111,-4.089290823026662,0.11004907461943256
2022-01-10,-0.21578117662013,3.0237618590489297,-3.9939192412248934,-0.09922427043199084
2022-01-11,2.16334106374382,2.954824435550721,-3.9009428591612263,0.7036261278082458
2022-01-12,2.7993907251912997,2.9417090338540954,-3.8832540257644337,0.922980929160748
2022-01-13,-3.1375827952070097,2.966964434620205,-3.9173161602574913,-1.0859018549116886
2022-01-14,1.1859664695821301,2.975452232489895,-3.928763712219337,0.3702687846062712
2022-01-15,0.18011556222105998,2.922752374821219,-3.8576870480119623,0.03279996459598931
2022-01-16,-0.14722123644013,2.856908491211079,-3.768882944689895,-0.08102136451212935
2022-01-17,-2.02275716990492,2.793752727923733,-3.683704327924801,-0.7541850560535791
2022-01-18,0.29561092566118996,2.7672404564796564,-3.6479470432153698,0.07637989584974235
2022-01-19,-1.50099104428704,2.7075656379873587,-3.5674632008816904,-0.5854855039708262
2022-01-20,-2.5816743095603503,2.6698375630636844,-3.516579084089577,-0.9985340435113353
2022-01-21,-10.960468291544059,2.6710733508940723,-3.5182457997229335,-4.134936120586582
2022-01-22,-3.99301888396461,3.4763565327958346,-4.604336822429778,-1.1728567634832257
2022-01-23,3.49665737811815,3.4948639103065076,-4.629297851071551,0.9764065433995093
2022-01-24,1.03529671066979,3.531033078592226,-4.678079459649444,0.2693396809652316
2022-01-25,0.8142486826951499,3.453319087798973,-4.573266060293525,0.21139062922689433
2022-01-26,-0.27608244495649,3.3744649298616025,-4.4669149095882155,-0.1067819166149546
2022-01-27,0.7733837890786,3.2934151811867434,-4.3576025503998315,0.20924613611157222
2022-01-28,1.7247505090415,3.2196989185794584,-4.258180914825379,0.5095200398306852
2022-01-29,0.9321351739208301,3.174203261324307,-4.196820605772016,0.2671176721565726
2022-01-30,-0.58004464571546,3.107713310422198,-4.1071451470042595,-0.21375653645132817
2022-01-31,1.48044080663929,3.0382611368012102,-4.013474517873408,0.45953634528767656
2022-02-01,0.67373185026333,2.9919699753195035,-3.9510413067423604,0.19702151670031404
2022-02-02,-4.73107399591228,2.9278402845299674,-3.864549147188012,-1.6446673710855808
2022-02-03,0.5441215831991599,3.031047314193898,-4.0037451851997785,0.15172055983473878
2022-02-04,11.06268834574475,2.9637934502744008,-3.9130394316376425,3.7041849042902224
2022-02-05,-0.1439823483734,4.1432578592263285,-5.503791275156454,-0.05508509099168114
2022-02-06,2.31668765175783,4.035836857253561,-5.358911823412198,0.5531537430561434
2022-02-07,3.31115827095374,3.9775611359261713,-5.28031495314605,0.8112782614460751
2022-02-08,0.63248089653384,3.971958923129095,-5.272759209821287,0.1380254729064179
2022-02-09,0.49821136819971,3.8727294379254165,-5.138927713659873,0.10689153142012035
2022-02-10,-1.7603393781389,3.7756187230899525,-5.00795381781573,-0.48855271181444293
2022-02-11,-2.69211260551713,3.6999389250105827,-4.905883948307022,-0.7503804926491507
2022-02-12,-0.38621218328671,3.652654517996616,-4.842111140025337,-0.12879990942828778
2022-02-13,-0.1112080209543,3.562603045230866,-4.720658093009708,-0.05486365061637514
2022-02-14,0.9185768314631901,3.4745008484924043,-4.601834048116059,0.24012872065382482
2022-02-15,4.56306044872398,3.3966367909640343,-4.496818252711792,1.3186017041429745
2022-02-16,-1.38552950498986,3.527512873749309,-4.6733317349186825,-0.41666152481868834
2022-02-17,-8.108233071910389,3.4538537752295997,-4.573987196946332,-2.371983005901824
2022-02-18,-1.25865264237603,3.7736305393721628,-5.0052723406212305,-0.35586473454911555
2022-02-19,0.22751381918925997,3.688710410440127,-4.890739972687781,0.03883862256568026
2022-02-20,-4.30544217465254,3.596313928889644,-4.76612419603057,-1.220608559000835
2022-02-21,-3.59238109483541,3.6231463881616843,-4.802313320288309,-1.014761781266294
2022-02-22,3.21345343415071,3.6141575811029543,-4.790190053752088,0.8658183756867822
2022-02-23,-2.61836346154211,3.6238380187219885,-4.803246127230585,-0.7457874318287866
2022-02-24,2.73995799515507,3.5776301333017497,-4.740925231102258,0.742309436246857
2022-02-25,2.2738450595305397,3.561633984085277,-4.719351113509412,0.6147727929120169
2022-02-26,-0.27852723260775003,3.5232331449034953,-4.6675596348878825,-0.1029669640048096
2022-02-27,-3.63345179244269,3.4370581933912576,-4.551334879021745,-1.081652090556724
2022-02-28,13.57642573033217,3.440566637784741,-4.556066742352641,3.921498335290266
2022-03-01,2.65333803325251,4.952069687219222,-6.594641407364176,0.5187908910246116
2022-03-02,-0.97537159354068,4.867920264303403,-6.481148495989825,-0.21767426823216293
2022-03-03,-3.4094478652413303,4.7419209185319104,-6.311212302878012,-0.7367683504361461
2022-03-04,-8.12852755652357,4.671416168755506,-6.216122056972831,-1.758091475398473
2022-03-05,0.66969062286332,4.8553581812683415,-6.464205927316458,0.12057632273512472
2022-03-06,-2.52029370523576,4.727301924100994,-6.291495563513204,-0.5509576360589988
2022-03-07,-0.93603152707348,4.632316014197009,-6.163387406843736,-0.22025287388654582
2022-03-08,1.75847382159606,4.513720031105074,-6.003436180417954,0.3709189808527151
2022-03-09,8.04608330138592,4.4171442244698635,-5.873183718980147,1.8024844806912328
2022-03-10,-6.2546856800530195,4.8074048284498145,-6.399530907180188,-1.318577339346131
2022-03-11,-1.64254822906464,4.859555690456807,-6.469867137124113,-0.35534063747017136
2022-03-12,0.28067068046677,4.742274942619278,-6.311689777624477,0.041419212306193554
2022-03-13,-2.74752699749853,4.615493199734299,-6.140698360089447,-0.6135371157010105
2022-03-14,4.6891299409534,4.53072060997232,-6.026364979259785,1.0163682446041298
2022-03-15,-0.83024718981778,4.5821608715949935,-6.095742817527979,-0.19957757993414477
2022-03-16,4.48654676741995,4.464244682723845,-5.936708434291124,0.9861236765655556
2022-03-17,-0.46909168777932997,4.505552182372829,-5.992420146080853,-0.12281315434504539
2022-03-18,2.0538517974936,4.387573412247433,-5.833301359071568,0.44890471899378115
2022-03-19,0.9274687432013,4.304849864502063,-5.721731535446879,0.1958766000994448
2022-03-20,-2.26003228859674,4.198044636151448,-5.577682581865345,-0.5584222845591126
2022-03-21,-0.41257618874651997,4.117375376120224,-5.468883390354345,-0.12066560154608875
2022-03-22,3.0703791309973,4.011850134778429,-5.326560764145224,0.7443273409708613
2022-03-23,1.2531246090631398,3.9906874809016393,-5.298018545819053,0.29290071619313285
2022-03-24,2.45937259657864,3.9007866887575706,-5.176768722804845,0.6088831300670414
2022-03-25,0.8782716407665699,3.854753601993339,-5.114683578838413,0.20598521590378469
2022-03-26,0.34237154855708996,3.7626948110545353,-4.99052324785552,0.06860034462392876
2022-03-27,5.0813175792383,3.6682667853814994,-4.863167513524628,1.3622423023723793
2022-03-28,0.65464127633703,3.8221547248296717,-5.0707172467039605,0.14923307129027025
2022-03-29,0.7140599739189499,3.728255655592593,-4.944074919593544,0.1689290231934922
2022-03-30,-0.8527995234731001,3.6382936767984746,-4.822742573719276,-0.2575517521449063
2022-03-31,-3.29180095425822,3.552712583670351,-4.707318758782045,-0.9502739843295911
2022-04-01,1.61834540100169,3.534792175594847,-4.683149379895871,0.43399892751529207
2022-04-02,-0.89570355406696,3.472169436849222,-4.598689657033764,-0.2822307377834322
2022-04-03,1.26648412430476,3.3930102171935532,-4.491927067469351,0.34843241276135517
2022-04-04,0.36337857461319,3.3258112051625326,-4.401295293030327,0.083928151536632
2022-04-05,-2.3144860605896103,3.2464692037432052,-4.294286184431264,-0.7388751587810933
2022-04-06,-5.29457051005746,3.207846711954504,-4.242195761398693,-1.67676961552327
2022-04-07,0.68529242315324,3.3246017774114534,-4.399664129419089,0.18078647476905757
2022-04-08,-2.83539722589374,3.2484796847560102,-4.296997734142476,-0.898773240725103
2022-04-09,1.16252352899337,3.2282837634518518,-4.269759354754073,0.33400847639128906
2022-04-10,-1.35186465773173,3.1648682476788803,-4.184230408006802,-0.45376740298401325
2022-04-11,-6.574699455484979,3.104600037263065,-4.102946253862864,-2.1448652848562793
2022-04-12,1.51989918017605,3.3319985133908885,-4.409640158628622,0.43086747686179067
2022-04-13,2.55764174954915,3.2745689028884803,-4.332184443911081,0.7553337355531909
2022-04-14,-3.03643733545406,3.265088682893494,-4.319398405333293,-0.9557739548111183
2022-04-15,1.53551792271287,3.2520756773723325,-4.301847674369818,0.4462591522720683
2022-04-16,-0.31855728397047,3.1984923094713134,-4.229579413773269,-0.12593642028832366
2022-04-17,-1.7657522881942,3.123832164733343,-4.128884757810871,-0.5922218539407992
2022-04-18,2.75462683643858,3.0747299360889864,-4.062660240865675,0.8684917063093948
2022-04-19,1.64352943392351,3.0885705477577843,-4.081327169990847,0.5048549230165467
2022-04-20,-0.30978678462111997,3.0458772125141618,-4.023746372105553,-0.12936705747896862
2022-04-21,-2.0684439708318703,2.97661741332342,-3.930335199705431,-0.7232012246519949
2022-04-22,-1.9611085251920402,2.942798212249021,-3.8847230082335087,-0.6950384516622921
2022-04-23,-0.64016193275779,2.9072454249223885,-3.8367727169378787,-0.2491744640310885
2022-04-24,-0.04417015833446,2.845816967455848,-3.7539237295349883,-0.045125722281903126
2022-04-25,2.4749050076095997,2.782781094034795,-3.6689068090655845,0.8590886379565247
2022-04-26,-5.95995569885481,2.797345900383008,-3.6885504645867395,-2.1606927787626575
2022-04-27,2.90527349945204,3.009614179529186,-3.97483816755558,0.9373374603416014
2022-04-28,1.34839067215253,3.037479545956483,-4.012420380870468,0.4161810031054479
2022-04-29,-2.97023536608289,2.986942626057323,-3.9442608858613832,-1.0226124624023332
2022-04-30,-2.34521785579193,2.9866651588017366,-3.9438866638458734,-0.8134381038451339
2022-05-01,1.9800580200401499,2.961602610402773,-3.9100846306803643,0.6401293089008463
2022-05-02,0.15645616058179002,2.9391109997157465,-3.8797500390703576,0.02456755555836207
2022-05-03,-2.0422241840901,2.8726247921271097,-3.7900796289354903,-0.7402545496794859
2022-05-04,5.03126775329914,2.842919984915199,-3.750016549053574,1.7401187482392768
2022-05-05,-8.19413647290758,3.083823318395009,-4.074924548764529,-2.6844553030425193
2022-05-06,-1.47137801076375,3.467303295551894,-4.592126658455089,-0.44865628010203235
2022-05-07,-1.50672990569393,3.397576806260593,-4.498086057873683,-0.4682688234056608
2022-05-08,-4.14855987869966,3.331273381395324,-4.408662168067836,-1.2706280097404683
2022-05-09,-11.70549632581519,3.367380335519474,-4.457359867973744,-3.5011624880206793
2022-05-10,2.36786923864826,4.096128523425497,-5.440227612497392,0.5575068843138842
2022-05-11,-6.96270636865197,4.0372901406100485,-5.360871876772809,-1.7454667638504748
2022-05-12,0.38423156405116,4.195993109975432,-5.574915674257319,0.07149253308684202
2022-05-13,0.8069582993284599,4.087369084139248,-5.4284136958696125,0.17681518273669028
2022-05-14,2.75565403508561,3.986279704047966,-5.292073746550349,0.6701498253042268
2022-05-15,3.9214229608877096,3.950094069699065,-5.2432699300786325,0.9714132132999965
2022-05-16,-4.716393882593009,3.985634694184687,-5.291203817266081,-1.2044865219086827
2022-05-17,1.86753109718669,4.008807611396585,-5.322457291720042,0.44484093083263515
2022-05-18,-5.76896230339532,3.935071690484367,-5.223009142853137,-1.487447282181263
2022-05-19,5.40174725108961,4.0219243748204185,-5.340147961687782,1.3221277596804537
2022-05-20,-3.74266099996027,4.1727335101835,-5.543545290405377,-0.9171231228701346
2022-05-21,0.7896156156526499,4.140889421173535,-5.500596946298248,0.1703417203661207
2022-05-22,2.98401165357855,4.037757875581557,-5.361502714178803,0.7181615032716191
2022-05-23,-4.1229610336666,4.010614609433272,-5.324894402527523,-1.049018873958869
2022-05-24,1.8949781767068,4.003579328393565,-5.315405870106666,0.45227748481488783
2022-05-25,-0.31485281301595003,3.9309679781770606,-5.2174744375508215,-0.10152771608307763
2022-05-26,-1.00336995448717,3.8311641064058435,-5.08286826223481,-0.2838874326664086
2022-05-27,-2.20978890225644,3.7405967031478298,-4.960719376179471,-0.613281375169372
2022-05-28,0.65222411539167,3.677175692065111,-4.8751830178697615,0.15445950238744607
2022-05-29,2.16639901789594,3.5882352233221444,-4.755228389699147,0.5802712198349458
2022-05-30,7.459222816391881,3.543856872779239,-4.695374999971872,2.081058488912404
2022-05-31,0.20756074770069,3.988253889966701,-5.294736344816004,0.03091863339162674
2022-06-01,-6.47469306708341,3.8858008593195152,-5.1565572305170635,-1.6879255248391958
2022-06-02,2.21826339109831,4.023662585322267,-5.342492298269074,0.5303660428880893
2022-06-03,-2.53652897101908,3.9619766874544142,-5.259296099208185,-0.6614825289411334
2022-06-04,0.4317415368904,3.8983513150577447,-5.173484117374405,0.08913823332035237
2022-06-05,0.24689858570869,3.7998927872404638,-5.040692416796798,0.042803628157816485
2022-06-06,4.77921711289663,3.7038184426598484,-4.9111162807162865,1.267602016075313
2022-06-07,-0.68833346588697,3.826556325774925,-5.076653716482067,-0.20190029570114656
2022-06-08,-3.06729469834312,3.7327738837909434,-4.950168685358254,-0.8442901135352309
2022-06-09,-0.33934595457960004,3.696960718667266,-4.90186722071859,-0.11457934628431328
2022-06-10,-3.4742219237799,3.6051498672006494,-4.77804128742457,-0.9870522565396388
2022-06-11,-2.51731974103019,3.5920458960295294,-4.760367870456949,-0.7242583207831271
2022-06-12,-5.80010815188209,3.5440447006819475,-4.695628324769323,-1.6603508241738312
2022-06-13,-17.40525517766702,3.665583383572276,-4.8595483908596915,-4.771274510860204
2022-06-14,-1.2556416941055901,5.092787494235984,-6.784428491424432,-0.2630958160783577
2022-06-15,1.6349175083862002,4.962341509708725,-6.608495085726541,0.3124871832275686
2022-06-16,-10.21124013301033,4.84634134469783,-6.452044857182943,-2.124383898810234
2022-06-17,0.43978108825618994,5.177061672030588,-6.898089660570624,0.0686744186133406
2022-06-18,-7.36657112248888,5.037073984509076,-6.709287293746636,-1.479196162932503
2022-06-19,7.7653019524071,5.138595338736859,-6.846209849585244,1.4947766964057407
2022-06-20,0.2248480532577,5.4116418720130985,-7.214469606199318,0.0259807778819846
2022-06-21,0.5376928208097,5.26349196421306,-7.014658796172867,0.08614878413202132
2022-06-22,-3.55620053246319,5.121326496057103,-6.822919241475527,-0.7108412094151865
2022-06-23,5.35199496525518,5.03910336690627,-6.712024335886304,1.0453735900808092
2022-06-24,0.68898096137619,5.104515990011301,-6.8002467951686425,0.11846991463156743
2022-06-25,1.2668381046625,4.968588284744741,-6.616920154621514,0.23801302283173065
2022-06-26,-2.23403163672966,4.8448113728907165,-6.449981373576126,-0.47850800497739693
2022-06-27,-1.39751808447972,4.738918705483435,-6.307163197279529,-0.31268050042074724
2022-06-28,-2.21796927954205,4.622173390812352,-6.149707980211781,-0.49808141596815186
2022-06-29,-0.87465122598882,4.524218475663051,-6.017595505538685,-0.21194834399600204
2022-06-30,-1.6009711756280898,4.408626052103282,-5.861695200723294,-0.38225527488959504
2022-07-01,-2.6393611667963004,4.306493847452506,-5.723948786674879,-0.632442690290043
2022-07-02,-0.14079558563739,4.231358529126471,-5.622613260792653,-0.05318504019273664
2022-07-03,0.28449039765128,4.121041430680994,-5.47382782361297,0.04858990457033824
2022-07-04,4.7275427183008,4.014435325837472,-5.330047429289004,1.156649180673513
2022-07-05,-0.20358781263051998,4.106813754848511,-5.454638858360832,-0.0700877170518822
2022-07-06,1.7582449257883301,4.000756826977798,-5.311599142835891,0.418419716663659
2022-07-07,5.16563933886189,3.9238405540377577,-5.20786163109131,1.2950041881362628
2022-07-08,0.43132227124225,4.061858143945491,-5.3940069135749455,0.08544682535393518
2022-07-09,-0.64127411638441,3.9579425768332412,-5.253855266183564,-0.18330824414561955
2022-07-10,-3.44774797250266,3.8592861871578723,-5.120796707943169,-0.9151944657692876
2022-07-11,-4.35959633947664,3.831683752971247,-5.083569113168183,-1.1597631782202218
2022-07-12,-3.29156213890211,3.846403279304174,-5.1034214406077485,-0.8776540787779499
2022-07-13,4.49367599448216,3.8133771812728012,-5.058878912720601,1.1563048702164662
2022-07-14,1.75496512632413,3.9024434176393026,-5.179003164558936,0.42812042603060013
2022-07-15,1.2868197042893201,3.8293274761172156,-5.080391186203246,0.3140421716307736
2022-07-16,1.6846296291969698,3.7460941177368543,-4.968133777432874,0.4272130360568022
2022-07-17,-1.95848997097467,3.677013566812575,-4.874964358415187,-0.5555430573375616
2022-07-18,7.891967823012889,3.6097652310640265,-4.78426606073562,2.162943553231405
2022-07-19,3.94052820034183,4.10229668926207,-5.4485466606188835,0.9400292335344048
2022-07-20,-0.67652436363694,4.129234880513042,-5.484878386331256,-0.1842408517450325
2022-07-21,-0.2892621770048,4.025091617545391,-5.344419643957616,-0.09279579207110265
2022-07-22,-1.9601945764883,3.922045018323389,-5.205439979597584,-0.5212698871993946
2022-07-23,-1.1044710597188199,3.8451060757038693,-5.101671893098776,-0.3091515355152583
2022-07-24,0.6375470790258501,3.7553682576437244,-4.980641874363934,0.14733513553446606
2022-07-25,-5.67556597820324,3.6635684817922294,-4.856830878828984,-1.5721871706870894
2022-07-26,-0.57250438268425,3.7663855556722994,-4.995500980765563,-0.17437242172385609
2022-07-27,7.65954215493618,3.6736998418490536,-4.870495114532431,2.062033669936216
2022-07-28,3.90578308920144,4.123970731051167,-5.477778591375614,0.9266636333336152
2022-07-29,-0.16476446914399,4.147182132918628,-5.5090839703519325,-0.06004410922093357
2022-07-30,-0.62546834661816,4.03968503156736,-5.364101882847138,-0.1756864034884612
2022-07-31,-1.35898860596075,3.9381449358250493,-5.227154050197666,-0.36647660695161016
2022-08-01,-0.09730647082903,3.848871780881425,-5.106750725836652,-0.04717118910922319
2022-08-02,-1.45202470826131,3.7510916172536417,-4.974873939754837,-0.4095538719979791
2022-08-03,-0.5744061707542101,3.6702551139000668,-4.865849186012942,-0.17945770474205358
2022-08-04,-0.9479525568520899,3.5808806900225094,-4.745309279537095,-0.2882536543404583
2022-08-05,2.8675899088160097,3.498480929687291,-4.6341761502422205,0.7955854489281771
2022-08-06,-1.41853598130534,3.494019465351972,-4.628158942293989,-0.430102174304297
2022-08-07,0.9303252730044,3.4222475096067355,-4.531359606893832,0.24722813964368864
2022-08-08,2.69715453445797,3.3465025151140466,-4.429201806529482,0.7807868468208349
2022-08-09,-2.74709934963759,3.340833527108945,-4.421556003017687,-0.8474977021353808
2022-08-10,3.3256795053882002,3.3125902536269853,-4.383464103832399,0.9785182800785726
2022-08-11,0.04127620673681,3.349090318524567,-4.43269199496985,-0.012831299541124962
2022-08-12,1.84159820568972,3.2680806656154275,-4.323433713219286,0.5377311632406433
2022-08-13,0.08704221288589001,3.2249320755183564,-4.2652389099499395,0.0008660105132170205
2022-08-14,-0.42973830773308996,3.1482280113200773,-4.161787605609843,-0.16326253806554852
2022-08-15,-0.75268711844547,3.076066060382731,-4.064462280984319,-0.27208014711667694
2022-08-16,-1.05657062741357,3.00962177387311,-3.9748484100999972,-0.3790576028925783
2022-08-17,-2.31819448838646,2.9500434584074986,-3.894494722068933,-0.8143757575311906
2022-08-18,-0.52959570307784,2.92585942363371,-3.8618775463337935,-0.20979992610840073
2022-08-19,-10.60266419016873,2.862619975828716,-3.776586063678291,-3.7332631184755827
2022-08-20,1.3724431302662699,3.5705678669384744,-4.731400303388005,0.36078119516790763
2022-08-21,1.72397235125565,3.49926987087842,-4.635240200708425,0.46859002705040026
2022-08-22,-0.62988025716226,3.441654424690413,-4.5575338481104914,-0.20749603441971906
2022-08-23,0.60185938546624,3.3607118382082932,-4.44836601931604,0.15401796481846378
2022-08-24,-0.6200333278529799,3.2822621062764936,-4.3425603207744805,-0.2145723567628247
2022-08-25,0.95770166529565,3.2068881937831075,-4.240903001280945,0.2723675490729142
2022-08-26,-6.40857165596635,3.139676691542463,-4.150254381209416,-2.0679903320174766
2022-08-27,-1.08324498139271,3.348808691301965,-4.432312162377922,-0.348629759660259
2022-08-28,-2.1429934307255,3.276760298663892,-4.335139994619655,-0.6797088024527593
2022-08-29,3.41349916299833,3.2314525438558594,-4.274033110902307,1.0302641706821094
2022-08-30,-2.5001327783567,3.279972974856825,-4.339472953323409,-0.7879278841538601
2022-08-31,1.26966241687931,3.2459340870521274,-4.293564468831904,0.36519935318581614
2022-09-01,0.3851817363536,3.1846045139698136,-4.21084884748509,0.09449598756436736
2022-09-02,-0.78494796911599,3.110374272458939,-4.110734004992133,-0.2794510501891842
2022-09-03,-0.6918477935498001,3.0430480947561596,-4.019930721328033,-0.2550394069325642
2022-09-04,0.77664708222702,2.9771234114672223,-3.931017642917759,0.23257272162651255
2022-09-05,-0.87611519961718,2.9151964243269237,-3.847496285079982,-0.3294339206123973
2022-09-06,-5.0448064672361,2.8564655582272995,-3.76828555789708,-1.795595203403479
2022-09-07,2.37451537491359,2.988743429914812,-3.9466896425363407,0.7662972887488001
2022-09-08,0.20460703035372,2.9850914687207717,-3.9417642170993483,0.0403195827701781
2022-09-09,10.08600976678906,2.9170644761231435,-3.850015739517158,3.428707339468062
2022-09-10,1.39052384133986,3.926242183533651,-5.2111007254794455,0.3327034840118093
2022-09-11,0.40836519630449,3.8419075762002595,-5.097358054594414,0.08436324978462083
2022-09-12,2.7242163871664,3.7451920022723932,-4.966917088037869,0.7048949687387246
2022-09-13,-9.728219892342329,3.719557157865562,-4.932343195270116,-2.638074605036374
2022-09-14,-0.27439686753734,4.158269299034374,-5.524037308328187,-0.08624892462465202
2022-09-15,-2.70345862412622,4.050761845649216,-5.379041258963358,-0.6881935098022317
2022-09-16,0.36162281734331,3.9882574430752307,-5.294741136918165,0.06954752382417796
2022-09-17,1.7794492715736898,3.886382732572595,-5.157342007016469,0.4361896396774772
2022-09-18,-3.58128060475007,3.8146958018295374,-5.060657345427522,-0.9608970630885307
2022-09-19,0.6396912022912801,3.7948390039350195,-5.033876344138002,0.14636768882981335
2022-09-20,-3.4000477547087002,3.7017096859807745,-4.908272185931137,-0.9412669923059106
2022-09-21,-1.83448135152239,3.6803511987148916,-4.879465845752405,-0.5213444684291147
2022-09-22,4.564167754912949,3.6100409466888284,-4.78463792031452,1.2409605412420328
2022-09-23,-0.5988576296712,3.7219213466502508,-4.935531793110904,-0.18353612391354812
2022-09-24,-1.88644407093292,3.6309665605990267,-4.812860441190746,-0.542746242865944
2022-09-25,-0.71498580370867,3.5638385181578456,-4.7223243839306495,-0.2242624595476555
2022-09-26,2.2121968157295,3.47941063511515,-4.60845591144838,0.611582722214389
2022-09-27,-0.58500341701694,3.4421488509431417,-4.558200684232924,-0.19442878091621357
2022-09-28,1.6409099157190299,3.360791351070923,-4.448473258866341,0.4631827344529783
2022-09-29,0.75041857550921,3.3061629125292975,-4.374795504235437,0.20149315243376606
2022-09-30,-0.72433234917514,3.2316327270603202,-4.274276125242114,-0.25020842566932194
2022-10-01,-0.61787165065503,3.1591509318184516,-4.176519424380736,-0.22224991892203125
2022-10-02,-1.39738879362774,3.088192495298728,-4.08081728801253,-0.47977520303134413
2022-10-03,2.99741763073448,3.0319262233203905,-4.004930576045523,0.9608308475725594
2022-10-04,3.57022957027783,3.064596593099386,-4.048993330767015,1.1375005083289598
2022-10-05,-0.86982060750262,3.1378882145862272,-4.14784224991183,-0.304048433233466
2022-10-06,-1.02340417585953,3.0706280253400213,-4.057127965337612,-0.36072541334307534
2022-10-07,-2.0687828067474703,3.008154031644503,-3.9728688559580947,-0.7157320309740014
2022-10-08,-0.66873874171626,2.9728654932251493,-3.9252749589997684,-0.2532869822857179
2022-10-09,0.15365479891418,2.909293858215091,-3.8395354531526897,0.023856445753706452
2022-10-10,-1.58053521470886,2.84388188487924,-3.751313870218559,-0.5853916125576475
2022-10-11,-0.47164037127043,2.802154561543507,-3.695035939305488,-0.1983794065835934
2022-10-12,0.55498963744717,2.743017117145663,-3.6152768571467857,0.1716140401387411
2022-10-13,1.17000265222966,2.6866433750208647,-3.539245199446522,0.4041300287639209
2022-10-14,-1.02285262293708,2.6456400488620004,-3.4839437285563775,-0.41846282574130633
2022-10-15,-0.6170546675591,2.6000640679014917,-3.4224750863634936,-0.2697256825402775
2022-10-16,1.04581714868174,2.5502003771593937,-3.355223580196276,0.3770557676525508
2022-10-17,1.45634941314671,2.511525301287351,-3.3030622366451374,0.5463214026310316
2022-10-18,-1.1127327349329899,2.4885961793463487,-3.272137570566974,-0.4809868843612337
2022-10-19,-1.01306218959411,2.4514602712199265,-3.222052113248813,-0.4476154846483123
2022-10-20,-0.44926791591297,2.4139159680690248,-3.1714158507235233,-0.22101734723757982
2022-10-21,0.62119106533931,2.3696695635092757,-3.1117404174605183,0.22658926198134793
2022-10-22,0.1861391394053,2.3290954826834787,-3.057017872733568,0.04374648972476942
2022-10-23,1.8508150954172398,2.285791272763544,-2.9986131839278465,0.7728464661943364
2022-10-24,-1.1381303255268,2.294144526398747,-3.009879275145798,-0.5328259398067311
2022-10-25,3.8050125599862996,2.2663117450173185,-2.97234100950868,1.6417702376394765
2022-10-26,3.30171943589476,2.441419026487893,-3.2085094167100516,1.3178688349615986
2022-10-27,-2.36079843216217,2.546136761295068,-3.349742953245207,-0.9602971282354056
2022-10-28,1.51424925794181,2.5452321513690945,-3.3485228995526275,0.5618347502676818
2022-10-29,1.07754906532644,2.522994151589696,-3.3185303547358806,0.3936987633905129
2022-10-30,-0.88229787196247,2.486413210055714,-3.2691933847169676,-0.38873154946956406
2022-10-31,-0.67992188528993,2.444988627327357,-3.21332376216457,-0.3125459417491582
2022-11-01,-0.05124320157942999,2.4021757530241827,-3.1555817411190756,-0.056404111652918816
2022-11-02,-1.6030424015855902,2.3559726565561507,-3.093267303883865,-0.7161763039542547
2022-11-03,0.25011164907873,2.3377854076215545,-3.068738034876967,0.07094845435081945
2022-11-04,4.5331998247672,2.2944050577473067,-3.0102306555858265,1.9390431615118515
2022-11-05,0.63851825197112,2.552350355256867,-3.358123270594836,0.21716018062546055
2022-11-06,-1.6878487268053601,2.5046217192868605,-3.2937513276335446,-0.7075312415297624
2022-11-07,-1.55878598652261,2.4816389250812287,-3.2627542733991493,-0.6620767258769971
2022-11-08,-10.54286468114611,2.4559321427286815,-3.2280833574241696,-4.327120397203995
2022-11-09,-15.488954817014818,3.2644170019034937,-4.318492504515099,-4.770592787544638
2022-11-10,10.20374090112845,4.5376893220924,-6.035763729716206,2.2300979187923144
2022-11-11,-3.19184536013015,5.193201882707924,-6.919858074856705,-0.630842940815148
2022-11-12,-1.38981397473809,5.0973045324193045,-6.7905206522076025,-0.289184872743427
2022-11-13,-2.68967049846988,4.968344297765442,-6.616591087687261,-0.5583187718132891
2022-11-14,1.60647324045992,4.868185163771593,-6.48150576774315,0.31268815820401274
2022-11-15,1.59043171795154,4.754858130490681,-6.32866081053726,0.3167670388500167
2022-11-16,-1.28256803707369,4.645187424027339,-6.1807471667151495,-0.2942437624384919
2022-11-17,0.10839194206493,4.5300957099214445,-6.025522172219233,0.005329369577771752
2022-11-18,0.06146278457013,4.409828122464256,-5.863316441371376,-0.005167231602037348
2022-11-19,0.08242927596793,4.293444994320779,-5.706349707789958,-0.0004239280667524354
2022-11-20,-2.5436030294420298,4.180839046972254,-5.554477284191335,-0.628546659587192
2022-11-21,-3.1459062587073197,4.108241771509049,-5.45656483435306,-0.7862623054253429
2022-11-22,2.51747150803911,4.057413050175246,-5.3880117847215745,0.5996979085306425
2022-11-23,2.5667956985737197,4.0067097018844215,-5.319627826584274,0.6195972494842981
2022-11-24,-0.037586363225719996,3.9605795993220663,-5.257411836736826,-0.030762101347655023
2022-11-25,-0.49883748951025003,3.8589824486305044,-5.1203870536808695,-0.1510986082668656
2022-11-26,-0.34899891216237,3.7626213000621664,-4.9904241030693415,-0.11514533762919275
2022-11-27,-0.11944668045806,3.6686354709283853,-4.863664762283418,-0.055523659921053146
2022-11-28,-1.39188482409711,3.57695726015181,-4.740017722409672,-0.4126787390908164
2022-11-29,1.39404641103464,3.5015478315504924,-4.638312502094596,0.3740622965160464
2022-11-30,4.30597665839442,3.4335313866758943,-4.546578250299744,1.229558374498368
2022-12-01,-1.18020685953688,3.538056526451402,-4.687552032577499,-0.3573872372833975
2022-12-02,0.7136986045805901,3.460509373062848,-4.582963647988518,0.18189496080439546
2022-12-03,-1.0614234867796601,3.3799246787501196,-4.4742785108496355,-0.3389640253780463
2022-12-04,1.3058842463365699,3.3063918713489615,-4.375104302586371,0.3694767305467877
2022-12-05,-0.91282692171539,3.2436468791093582,-4.290479695587492,-0.3073936056175289
2022-12-06,0.67330352508196,3.1730381524910496,-4.195249215393182,0.18564357217559213
2022-12-07,-1.42249778324377,3.102229593478911,-4.099749219860836,-0.485698148910426
2022-12-08,2.2614200081038702,3.0459263678029633,-4.0238126681851005,0.7147811067639794
2022-12-09,-0.58383705058879,3.032995751102137,-4.006373055596067,-0.2202727907383647
2022-12-10,-0.02584642053147,2.9663125846866447,-3.9164370057229085,-0.03711537647917191
2022-12-11,-0.14331967973895,2.8988697442525493,-3.8254763782224863,-0.07850268815776239
2022-12-12,0.59599279123059,2.8341673967722407,-3.738211872610354,0.18056216580902062
2022-12-13,3.28647887307287,2.774868880169092,-3.658235551249194,1.154011098741954
2022-12-14,0.19289306421708,2.8485592246725546,-3.757622230896937,0.03813986926162239
2022-12-15,-2.56283810210238,2.7854499205730034,-3.672506273961231,-0.9503267211359233
2022-12-16,-4.21898089815009,2.779295919059419,-3.6642063293605704,-1.5483167000836986
2022-12-17,0.8827572352892299,2.8614032127872284,-3.774945006909913,0.2790616309916494
2022-12-18,-0.22123311713588,2.8059576049013746,-3.700165130306584,-0.10886925176857673
2022-12-19,-1.9176451894853799,2.7449867142182236,-3.6179332664037207,-0.7292911717642331
2022-12-20,2.79887050824729,2.7174578827097795,-3.580804940072204,0.9989560970623983
2022-12-21,-0.52645094201775,2.7581006819526563,-3.63562016580574,-0.2214206079632568
2022-12-22,0.07612154110798,2.7011358483091197,-3.5587912988671264,-0.0030090477312306463
2022-12-23,-0.1985808428822,2.643315756437395,-3.480808939213642,-0.10699827668998309
2022-12-24,0.30199561547235,2.5883283850296452,-3.406647089332256,0.08412619856416548
2022-12-25,-0.03425096739704,2.5354379696338185,-3.335313418594238,-0.046737627431774544
2022-12-26,0.46098559846718,2.4840086003486475,-3.2659502708973163,0.15166461606059747
2022-12-27,-1.2048246868378198,2.436563007285345,-3.201960069870938,-0.5290542747253231
2022-12-28,-0.9895050300251199,2.4037649591971326,-3.15772511452667,-0.4466969258873957
2022-12-29,0.54086448255201,2.367833055187706,-3.1092635059267737,0.19284091576791182
2022-12-30,-0.23916958787602002,2.3260861940059816,-3.0529592241850607,-0.13903997904871648
2022-12-31,-0.33236656495585,2.283722899800208,-2.9958235549407077,-0.18242841668592016
2023-01-01,0.46776063115778,2.2437436421687487,-2.9419032523889164,0.17092471534894554
2023-01-02,0.38057006847047,2.206152428497476,-2.891203721318858,0.13431559707241175
2023-01-03,-0.05162548994981,2.1691485812321476,-2.8412963754016407,-0.06263972829224493
2023-01-04,1.0934153962034798,2.1323887990984858,-2.7917182018233184,0.4732561007758278
2023-01-05,-0.15728177184382,2.1145907813189906,-2.767713891579764,-0.11422122983873202
2023-01-06,0.68207922355529,2.0805351397375014,-2.7217828111530906,0.2873442627009113
2023-01-07,0.01834058283041,2.053668367693163,-2.6855474090209412,-0.03209320745768905
2023-01-08,0.79930823490208,2.0216512810063487,-2.6423657417450213,0.3537003902780176
2023-01-09,0.6148589187306499,2.000301001386814,-2.6135704712759478,0.26526484292048874
2023-01-10,1.44181338708868,1.9757468848981603,-2.5804541637605647,0.6871143311227212
2023-01-11,2.7621150497731497,1.9812420831296347,-2.5878655757971405,1.3516095204978815
2023-01-12,5.08031804901865,2.081786237625995,-2.7234701755681914,2.399895133763557
2023-01-13,5.36492128036698,2.452403050993206,-3.2233236468796664,2.153264281099416
2023-01-14,5.21924405608409,2.794706027342196,-3.6849900494742065,1.8374006489560766
2023-01-15,-0.45631527773632996,3.064624620296906,-4.049031131243049,-0.17638854101747686
2023-01-16,1.37377199522763,2.9956743157656653,-3.956037376440631,0.4304615493870735
2023-01-17,-0.03833243793334,2.947700982804258,-3.891335408946832,-0.0415855700603674
2023-01-18,-2.25928311533003,2.880950928484619,-3.8013091468925992,-0.8134579731862386
2023-01-19,1.9055334102897998,2.8581606147274714,-3.770571692376469,0.6372224195872843
2023-01-20,7.268455261104729,2.837440280413626,-3.7426260335181705,2.53193201030239
2023-01-21,0.44472229944521,3.38484786235364,-4.480918442783013,0.10649604540585654
2023-01-22,-0.25147902304318004,3.3040239859988243,-4.371910719162079,-0.10161197747653997
2023-01-23,0.9375442198569599,3.2253157331274127,-4.265756351633007,0.26456164377603
2023-01-24,-1.3077079200906199,3.157007706947567,-4.173628842105799,-0.4409103293702598
2023-01-25,2.10431847013232,3.0961835144391854,-4.091594831050537,0.652438420690363
2023-01-26,-0.36871485938441,3.0727581085191495,-4.060000823321566,-0.14741292063721437
2023-01-27,0.19930464741655,3.0028894758164233,-3.965768512933529,0.03831484992673216
2023-01-28,-0.20663143130938,2.9342075888275976,-3.8731367747355874,-0.09913436943624213
2023-01-29,3.1771335385045,2.868467219134724,-3.7844722813529734,1.0782358362224518
2023-01-30,-4.0096914665952,2.926049360554686,-3.8621337155788353,-1.3991359508792425
2023-01-31,1.30122885395138,2.983414726019544,-3.9395027825678435,0.407914949113021
2023-02-01,2.49457345900037,2.9337082546131747,-3.8724633192111164,0.821596376328874
2023-02-02,-1.06747498773689,2.9402059819101067,-3.8812268491640567,-0.3917155405529622
2023-02-03,-0.09611362476711,2.883530388772739,-3.8047880829058163,-0.06254937117134206
2023-02-04,-0.50223137428648,2.8192403852534986,-3.718079708459029,-0.20802793729766522
2023-02-05,-1.62544882312758,2.7597334691369,-3.6378223172260764,-0.6195156996325317
2023-02-06,-0.85553764212846,2.7229350721664662,-3.588192063549095,-0.345137509718442
2023-02-07,2.1910195714932303,2.671426096686821,-3.5187215504245652,0.7886312806115156
2023-02-08,-1.4063722484005199,2.675816299185582,-3.524642647038689,-0.5570717379434043
2023-02-09,-5.00729479211177,2.637136709473038,-3.472475215639504,-1.9307092277871558
2023-02-10,-0.7722817724904001,2.789441790826689,-3.6778901371087263,-0.30706185126761
2023-02-11,1.0095720621825,2.7341272707753705,-3.603287059578661,0.3384343824331219
2023-02-12,-0.37871607629451,2.686708267089436,-3.539332719830288,-0.17231698348854596
2023-02-13,0.09128497942380999,2.6311803244965484,-3.4644417978355038,0.0026739298535442867
2023-02-14,1.87474660501365,2.5759861389536773,-3.390001016293091,0.6950725355753815
2023-02-15,8.9770007863196,2.568740050132668,-3.3802281659528552,3.4619117641180686
2023-02-16,-2.85581014815647,3.476949527497434,-4.6051365985040755,-0.8455859116472952
2023-02-17,3.91062494260996,3.4459401873058377,-4.56331408592829,1.1104010362401213
2023-02-18,0.30758236488138996,3.516608662139235,-4.658625148955434,0.06350805521290247
2023-02-19,-1.2809719094438,3.430364966859728,-4.542307677892733,-0.39798135488121256
2023-02-20,2.04050447443151,3.358506338459425,-4.4453914464804685,0.58247771166178
2023-02-21,-1.5946381537723602,3.319409799306145,-4.392661672473511,-0.5057789315219162
2023-02-22,-1.01803968810028,3.2580860475130122,-4.309953902339862,-0.3383241141668951
2023-02-23,-1.00279167620183,3.188435088316256,-4.216015169721768,-0.3409324743631376
2023-02-24,-3.1792067406444198,3.1211676744310792,-4.125291141226772,-1.0455882121242834
2023-02-25,-0.09812480831641,3.1223957450431112,-4.126947448594111,-0.058408418090504496
2023-02-26,1.651154583387,3.0495317208224217,-4.028675232853191,0.5138182970467166
2023-02-27,-0.16286524916946,3.008880521695019,-3.9738486781370304,-0.0821284312194394
2023-02-28,-1.60927308751031,2.9402667361471213,-3.8813087888256512,-0.5759757965134671
2023-03-01,2.13368049391622,2.8950699536319555,-3.8203515742107514,0.7079038292463588
2023-03-02,-0.72613502094807,2.883648300428163,-3.8049471111747613,-0.28102747780713233
2023-03-03,-4.856242572977179,2.8241142435640483,-3.724653115027054,-1.7493952208343848
2023-03-04,-0.04173035221199,2.945800443048263,-3.888772137772574,-0.0427658772044004
2023-03-05,0.36689546753247,2.87912533089603,-3.7988469507402356,0.09817081482883057
2023-03-06,-0.02565841781922,2.8157805758010515,-3.7134134394110343,-0.0390328019760677
2023-03-07,-0.94061389660424,2.7538116461783555,-3.629835513455823,-0.37216172203737685
2023-03-08,-2.28373150611318,2.7024095757638156,-3.5605091839353995,-0.876247965946453
2023-03-09,-6.4424513328532305,2.68978260527222,-3.543479101098553,-2.4264788938200357
2023-03-10,-0.86696568831143,2.960203200243183,-3.908197236474731,-0.32133438543589415
2023-03-11,2.18122212441116,2.8996130848177764,-3.8264789268076935,0.7231905344843146
2023-03-12,7.1603911845329495,2.890429867099928,-3.8140934572647143,2.448127829452792
2023-03-13,8.77836343684848,3.410410201947317,-4.515394547805485,2.5492868992944397
2023-03-14,2.24161647975069,4.071324402828287,-5.406774122703718,0.5298931940790372
2023-03-15,-1.50694198256182,4.008494448588675,-5.3220349268650935,-0.39695486441951605
2023-03-16,2.73877219696494,3.919156960480086,-5.201544835917491,0.6773198511640339
2023-03-17,9.043081735478781,3.8854603227360194,-5.1560979464607835,2.305732552524477
2023-03-18,-1.6843655914946898,4.492340886902473,-5.974601980085141,-0.3936956308135942
2023-03-19,3.90125123969635,4.388651269419608,-5.834755072528856,0.8697437134021957
2023-03-20,-0.97280586770747,4.395360360334099,-5.843803670061397,-0.2404934223484697
2023-03-21,1.46072594573105,4.285058478303886,-5.695038755366707,0.32122701823005395
2023-03-22,-3.1304934786025003,4.189227425211934,-5.565790748207396,-0.7673832284825037
2023-03-23,3.6902430921442,4.134171209438642,-5.4915360474518575,0.8722410180079986
2023-03-24,-3.01197331855558,4.14269034019185,-5.503025858291411,-0.7473941936524932
2023-03-25,0.0051715836265842086,4.085816921575935,-5.426320283435722,-0.019354221125256664
2023-03-26,1.80084779034714,3.9800383082663697,-5.283655932693187,0.4313019799276198
2023-03-27,-3.09974400560317,3.9052879211745752,-5.182839566241164,-0.8153031114923828
2023-03-28,0.47141000939134003,3.862344128654609,-5.124920974887035,0.10023980481566293
2023-03-29,3.88533993126909,3.7653759114198104,-4.994139266547012,1.009485011028217
2023-03-30,-1.11695987413327,3.8108516233520944,-5.055472675204839,-0.3152075653055064
2023-03-31,1.5746414888454199,3.722501547771844,-4.936314314394956,0.4003738029157932
2023-04-01,-0.23712364214016,3.6509828193279543,-4.839856508415601,-0.08802370371148344
2023-04-02,-0.74801718449748,3.5602749149704573,-4.717518127551158,-0.23376469294604074
2023-04-03,-1.46132741503954,3.4763056564169523,-4.604268205104079,-0.44460325287870545
2023-04-04,1.3505585874638,3.4060349691229055,-4.509493640895169,0.37178396908408995
2023-04-05,0.03512057047068,3.3405745281884074,-4.42120668937398,-0.014706696982462734
2023-04-06,-0.47612573465798,3.2598632168016946,-4.312350782907651,-0.17190142199029246
2023-04-07,-0.42266008962954005,3.1840622093523283,-4.210117437479441,-0.1592021273782622
2023-04-08,0.07851839396586,3.110568779192156,-4.110996337574695,-0.0018424263358384004
2023-04-09,1.36906925289075,3.03788862149192,-4.012972103887454,0.4229318533922054
2023-04-10,4.55336467573896,2.987976951732416,-3.945655888086093,1.495699384609947
2023-04-11,1.94394895643323,3.158963369152196,-4.1762664573095325,0.5887056452725682
2023-04-12,-0.31803678161335003,3.1251361058927447,-4.130643392312612,-0.12872596769749678
2023-04-13,0.8590133768281599,3.053081391530519,-4.033462698401055,0.25376460358159275
2023-04-14,0.28457979620171,2.9897620903908346,-3.948063516998219,0.06700546810781242
2023-04-15,-0.5499737167522,2.9218868072309894,-3.856519650988875,-0.21705943672654457
2023-04-16,-0.0103593122386,2.8589863099623845,-3.7716853132768997,-0.03309169397314291
2023-04-17,-2.91287232768198,2.7954109056212575,-3.685940723706818,-1.0721578389277886
2023-04-18,3.1836460997816096,2.8039054587312067,-3.697397386508138,1.1053855979081533
2023-04-19,-5.31995366286732,2.867001878706123,-3.7824959665354276,-1.884966693189024
2023-04-20,-2.0211126619280098,3.018962068859323,-3.9874457308462246,-0.6973794309802557
2023-04-21,-3.4910877271713,2.9817042002727763,-3.937195784608088,-1.1990918195870321
2023-04-22,1.9624756556398197,3.006548281610395,-3.9707031697300064,0.6247118262906147
2023-04-23,-0.81617412273793,2.9809802364812175,-3.936219369612161,-0.3020561825679463
2023-04-24,-0.23965485595702002,2.918903432096339,-3.8524959522156577,-0.11096778338037523
2023-04-25,2.80232077739537,2.8538729012873243,-3.7647888234678133,0.9524150106212589
2023-04-26,0.40579258685795006,2.885215333856932,-3.8070605800482182,0.11144513037924052
2023-04-27,3.6313132862295197,2.821950197538162,-3.721734451115697,1.2569548185222612
2023-04-28,-0.45406028897526995,2.920963827175178,-3.8552748213745436,-0.18429179840270113
2023-04-29,-0.31328032278832,2.857250799512606,-3.7693446182745936,-0.1391301423942944
2023-04-30,0.06944394889973,2.7948868339452893,-3.6852339045960805,-0.005297330369348379
2023-05-01,-4.10528562110155,2.73359318396821,-3.6025667329908964,-1.5326110093762775
2023-05-02,2.0749270291121302,2.8122434763457047,-3.7086429287991014,0.707861057569163
2023-05-03,1.12946008250283,2.8022864981665405,-3.695213883145696,0.37298495188932407
2023-05-04,-0.5482697825375,2.755195569160166,-3.6317020199971775,-0.2295732388007519
2023-05-05,2.3524523635351997,2.6985576654547563,-3.5553140857376926,0.8405241825169172
2023-05-06,-2.15536205091471,2.7108457031407047,-3.5718870475445867,-0.8261670651797125
2023-05-07,-1.56784123199926,2.6930457807848853,-3.5478801685857104,-0.6134654789722291
2023-05-08,-2.70974803125891,2.657719632822271,-3.50023554737507,-1.0512762085803624
2023-05-09,-0.1282605113646,2.6653160478191973,-3.510480885062904,-0.07973159481126421
2023-05-10,-0.13393336115541,2.6092086943505555,-3.4348085075941226,-0.08362027515541337
2023-05-11,-2.2737627872803703,2.555245650141876,-3.3620281749233616,-0.9228123233292758
2023-05-12,-0.72780171559241,2.5502923129798996,-3.3553475746761814,-0.31841491238612013
2023-05-13,-0.07804618022575,2.503845783246764,-3.2927048173049007,-0.06481851602672585
2023-05-14,0.54570113859462,2.4537418601301013,-3.225129308064923,0.18806043059724006
2023-05-15,0.9683688179723701,2.408572020047725,-3.164208430896328,0.3670720338895123
2023-05-16,-0.5754943306691,2.373969850497991,-3.117540244401492,-0.27790737036310087
2023-05-17,1.33059491984699,2.3327321087201742,-3.0619226155372976,0.5342857533378328
2023-05-18,-2.08963229384924,2.3136955155614936,-3.0362478300739553,-0.9395712041762578
2023-05-19,0.215627043017,2.315193013959508,-3.0382675165682893,0.05674587579557089
2023-05-20,0.88656002854339,2.272557196996017,-2.9807642939870576,0.3530431013132893
2023-05-21,-1.39473668145377,2.2418448866947767,-2.93934238768822,-0.6597182873960413
2023-05-22,0.36358955711435004,2.223176926448092,-2.9141647799946253,0.1256490952146412
2023-05-23,1.38489626434257,2.1852991066158594,-2.8630787012038805,0.5951802536324939
2023-05-24,-3.32704001878969,2.176176102750002,-2.8507744425014603,-1.567561284347794
2023-05-25,0.53545262051386,2.2529735167169744,-2.9543516483232066,0.20027010054129332
2023-05-26,0.91393326620572,2.2159249220064483,-2.904383951215737,0.37441876760444925
2023-05-27,0.55633303448487,2.188528106351548,-2.8674336755831686,0.21570828599857056
2023-05-28,4.43094997536004,2.1545476166193542,-2.821603952977811,2.0174539444044672
2023-05-29,-1.21711121073335,2.4213264727781016,-3.1814104499143916,-0.5374577171513424
2023-05-30,-0.1570299422033,2.389503392753169,-3.1384904407713505,-0.10097467563307369
2023-05-31,-1.75777927232658,2.3441669107970386,-3.0773448125497604,-0.7857924500369103
2023-06-01,-1.4792581991187599,2.3316240302568243,-3.0604281424146165,-0.6705659088402098
2023-06-02,1.58916110657969,2.3109300731043736,-3.032518058617165,0.6512147365644845
2023-06-03,-0.64229154344204,2.3042612230113617,-3.023523734160155,-0.315303197393839
2023-06-04,0.16214839753007998,2.266804850238555,-2.97300606394676,0.03436511516101692
2023-06-05,-5.14103456988923,2.2259450446405387,-2.917898160234242,-2.3474451762743884
2023-06-06,5.58151185623359,2.4406058902322734,-3.2074127341922565,2.2524171110257925
2023-06-07,-3.33254241208091,2.8153175726694957,-3.712788983870462,-1.2136434742049986
2023-06-08,0.61383660637055,2.8430536405250155,-3.7501968113032014,0.18627408608044163
2023-06-09,-0.10508601377399,2.7836625205521828,-3.670095595133921,-0.06801665079016572
2023-06-10,-2.40453146774726,2.7230639429797856,-3.5883658725104404,-0.9139634278392762
2023-06-11,0.34340762243445,2.713991290625675,-3.576129523241766,0.09548970754825972
2023-06-12,-0.14531650030544,2.656612054924313,-3.498741749368411,-0.0864130265779663
2023-06-13,0.06263269559738,2.6008952480166405,-3.423596104760008,-0.008311250606184362
2023-06-14,-3.11153540326198,2.546850418657583,-3.3507054678886714,-1.254798777209116
2023-06-15,1.7819375410116503,2.5814510302341076,-3.3973715531342146,0.6576487926070049
2023-06-16,2.89427732653706,2.5693190322538237,-3.381009043162547,1.0936858768636468
2023-06-17,0.69349007932064,2.6282506620315726,-3.460490541713084,0.2318046373269556
2023-06-18,-0.66026034383135,2.578413725598203,-3.3932751192679427,-0.28874719531781146
2023-06-19,1.93592472017414,2.529938714668967,-3.3278965352131697,0.7319052124202717
2023-06-20,5.35284952851409,2.528469791622505,-3.325915388494022,2.0837109298937593
2023-06-21,5.82742132068201,2.856227621646069,-3.7679646511767415,2.0107542863016254
2023-06-22,-0.38377235796946,3.193941185587389,-4.22344128136886,-0.14653424048178512
2023-06-23,2.58459057681541,3.119834015558368,-4.123492426238606,0.8014340431389375
2023-06-24,-0.47930679024935996,3.1206489749490913,-4.1245915676313825,-0.180589416681392
2023-06-25,-0.22426607224286,3.0498537155773384,-4.0291095094164335,-0.10115746157632947
2023-06-26,-0.68848359381767,2.9800169060078874,-3.934920119109359,-0.2593048985943253
2023-06-27,1.3682563415242601,2.916400606922491,-3.849120374513536,0.4402711173054919
2023-06-28,-1.98089179130374,2.871652307210517,-3.7887680317714536,-0.7191473612325545
2023-06-29,1.1865197537730399,2.8400470126305275,-3.746141751371226,0.3881169435107369
2023-06-30,0.10472432791654,2.7929806487217506,-3.68266301934052,0.007330856417437171
2023-07-01,0.36951443630783,2.7317610365205103,-3.6000957029980403,0.10442533028697727
2023-07-02,0.10028094691438001,2.6739084077562523,-3.5220694606115237,0.005995552825892116
2023-07-03,1.73424263179597,2.6171098265269914,-3.4454648194592004,0.630463890841561
2023-07-04,-1.22343790504437,2.6008473633602516,-3.4235315223912237,-0.5027927864090187
2023-07-05,-0.85955335212926,2.5612087192298816,-3.3700706076350055,-0.3684989563119745
2023-07-06,-2.0020299639947203,2.516300194583272,-3.309502168410303,-0.8291059056824149
2023-07-07,1.43709099802986,2.503186767246184,-3.291815997845937,0.5404477316385279
2023-07-08,-0.16401345457062,2.4798984263246604,-3.2604068506328163,-0.10011008504999089
2023-07-09,-0.40125447873400005,2.431035756352758,-3.1945054281336627,-0.19971070572259852
2023-07-10,0.80295388051663,2.3856586921319543,-3.133305066329734,0.3012604003593977
2023-07-11,0.6765948365584801,2.3479642392161044,-3.0824662957731865,0.252280438884436
2023-07-12,-0.75166695389672,2.309280600280874,-3.030293403159229,-0.36198127745893205
2023-07-13,3.5059117999464804,2.273230037693106,-2.9816717589102586,1.5051984864737815
2023-07-14,-3.69554527697619,2.4154770628730238,-3.1735213101324895,-1.5648232487393177
2023-07-15,-0.1262140943858,2.495009050761259,-3.2807866548022346,-0.08435379507968728
2023-07-16,-0.15417915284867,2.4454053763379515,-3.2138858344508177,-0.09750062012614134
2023-07-17,-0.3418965294113,2.397849523924441,-3.1497469258727095,-0.17772004163043914
2023-07-18,-0.96438864949099,2.3533104108696965,-3.0896767146287045,-0.4456012400453081
2023-07-19,0.19193869502824001,2.319100686389203,-3.0435378215255438,0.046435804989489245
2023-07-20,-0.40836263076453,2.2762170253783167,-2.9857003299555176,-0.21641698180635308
2023-07-21,0.39104582531663,2.2372116366223094,-2.933093491122693,0.1371333996705577
2023-07-22,-0.4589155219131,2.1990174708939914,-2.8815807544238607,-0.24700345354526054
2023-07-23,1.04496587833917,2.1637695227701834,-2.834041601879167,0.4440013044019238
2023-07-24,-3.06335381648583,2.142790145189879,-2.805746569567508,-1.4689274222002695
2023-07-25,0.17284554802401,2.2058140892865863,-2.8907474008742793,0.04016483558167126
2023-07-26,0.43556533334641,2.1674815300093124,-2.8390480118343824,0.16208486239826012
2023-07-27,-0.4927238584294,2.1327131910441457,-2.792155711494373,-0.270534851407283
2023-07-28,0.37094442045351,2.1007035300426415,-2.748984059291826,0.1364757227992139
2023-07-29,0.12840607690716002,2.068079855679403,-2.7049842830020148,0.02135153968151457
2023-07-30,-0.27837737874385,2.0354331715690632,-2.660953473306412,-0.1781570486386397
2023-07-31,-0.15450628224424,2.005567425189714,-2.620673333651133,-0.1190464439387948
2023-08-01,1.51302338260883,1.9762082205451315,-2.5810763703530912,0.7229875779034186
2023-08-02,-1.78075075169097,1.9853181153411732,-2.5933629487619667,-0.9393961225073261
2023-08-03,0.09161807791748,1.9941194120343781,-2.6052333187653423,0.003695210060606261
2023-08-04,-0.35908335462959,1.9646408633192214,-2.5654753952900897,-0.22565586958456546
2023-08-05,-0.1100031889921,1.9386415237123784,-2.5304099053134923,-0.10020035907628692
2023-08-06,-0.0009347994529562698,1.9120388328165645,-2.494530671261249,-0.04455149434991047
2023-08-07,0.47652738023771,1.8862865458748748,-2.459798382930717,0.20796309727782533
2023-08-08,1.98463869790526,1.8646240505404952,-2.430582024957692,1.019180949398522
2023-08-09,-0.68771014170607,1.9110436103081985,-2.4931884077492015,-0.40394657942193934
2023-08-10,-0.44719489893285,1.8920432886035352,-2.4675625418479137,-0.2808837884090774
2023-08-11,-0.10837469218055999,1.8703641674924594,-2.438323760574339,-0.10298747341962051
2023-08-12,0.062060393713450006,1.8468522462108672,-2.4066130689761103,-0.012014493382540391
2023-08-13,-0.45333407244427,1.8239934002437315,-2.375783184592193,-0.29472884067262284
2023-08-14,0.42776140747164,1.8056352508384,-2.351023420932961,0.19024441370872594
2023-08-15,-0.8129120118754299,1.7870930395259357,-2.3260154117006793,-0.5020227709674822
2023-08-16,-1.6193584838703101,1.776792500384682,-2.3121230029905706,-0.9588108185427129
2023-08-17,-7.36241200960634,1.79239407353061,-2.3331649530954763,-4.154589388226544
2023-08-18,-2.33342486538106,2.350920966689903,-3.0864540546610595,-1.0283945259926053
2023-08-19,0.17891559507905,2.360482617938513,-3.099349920136412,0.040104598337455576
2023-08-20,0.35718694201065,2.3159022866955783,-3.0392241176356025,0.11785365720071371
2023-08-21,-0.2501958864606,2.2741545580845286,-2.9829186659859315,-0.1470635639410438
2023-08-22,-0.35464695192519,2.2339750727976635,-2.9287283150040713,-0.19646429589728115
2023-08-23,1.52484555491607,2.1962423637257444,-2.877837948104021,0.6559367904497283
2023-08-24,-1.02395657611253,2.192909599509063,-2.87334302584824,-0.5053587088882778
2023-08-25,-0.439399243694,2.167207003712979,-2.8386777563110517,-0.2416237261142736
2023-08-26,-0.15062619864458002,2.133109772710684,-2.7926905839435654,-0.1101094699642149
2023-08-27,0.31183650409936003,2.0982363807410933,-2.745656597886559,0.10846590898156878
2023-08-28,0.06305878251211,2.0651830870221426,-2.7010773909866135,-0.010260884579742406
2023-08-29,6.02498925708516,2.032630329505876,-2.6571732607410588,2.9226858337419617
2023-08-30,-1.56342893713237,2.5644084978870523,-3.3743861713426626,-0.6425178852332056
2023-08-31,-5.13291454495892,2.5349009894905143,-3.3345891897439137,-2.058133218769854
2023-09-01,-0.50548143006725,2.708982403520628,-3.5693740024003935,-0.21769459155766707
2023-09-02,0.26349868784762,2.65369079792539,-3.494801829756459,0.06754716871448388
2023-09-03,0.38877655416875,2.5980981295077257,-3.4198236115920704,0.117211572151961
2023-09-04,-0.6069712504034499,2.5454824892127683,-3.3488605319417903,-0.2715479839821257
2023-09-05,-0.12573014244292,2.4976661718228823,-3.284370332440279,-0.08407029434752286
2023-09-06,-0.10380138015939,2.4479575745907907,-3.2173280019676294,-0.07681945549849063
2023-09-07,1.8732105501950198,2.400108948700847,-3.152794227767604,0.7453666481929017
2023-09-08,-1.28311498605082,2.402820353423988,-3.1564511181571113,-0.5690664189299145
2023-09-09,-0.03851855630792,2.373437035161744,-3.1168216326553835,-0.05172580620139938
2023-09-10,-0.24532679048564998,2.3283409982201824,-3.056000294295605,-0.141549789546146
2023-09-11,-2.62618810674819,2.2859243526132076,-2.9987926696457543,-1.185707432292661
2023-09-12,2.63051279529182,2.313562953840208,-3.0360690431593906,1.1005809905718278
2023-09-13,1.51738529586857,2.372410488971862,-3.1154371226764317,0.6040842909464507
2023-09-14,1.18008351309715,2.3591342481500153,-3.0975313644339098,0.4645068953377284
2023-09-15,0.25972414093189,2.333283498720889,-3.062666279062434,0.07520507183289357
2023-09-16,-0.15199103541192,2.290136036503661,-3.0044729969724693,-0.10315562894537364
2023-09-17,-0.12840741866497002,2.2487665023889924,-2.9486776188678423,-0.09456597927936623
2023-09-18,0.82605113897518,2.2089819273920943,-2.8950198861379794,0.3358115980816849
2023-09-19,1.69311026624328,2.179599731569584,-2.8553919144785196,0.7381451076251596
2023-09-20,-0.29114788993922,2.1857757145220287,-2.8637215055985026,-0.1717455616553914
2023-09-21,-2.10204677166974,2.1495505315162946,-2.8148643495785226,-1.0170945634535073
2023-09-22,0.044915054085589996,2.1615438995763325,-2.8310398884135246,-0.018197332807443765
2023-09-23,-0.0006686902016994624,2.1249302148023577,-2.781658757359327,-0.03996276085409144
2023-09-24,-1.22101270753152,2.0899092922702582,-2.7344257958075917,-0.6245544245213153
2023-09-25,0.15851607862167,2.074049039784303,-2.713034963079433,0.03580758670263325
2023-09-26,-0.30935695955243,2.041210572513984,-2.6687454941034168,-0.19282985922992701
2023-09-27,0.51537828527887,2.01134207132224,-2.6284616390135196,0.21434886865930716
2023-09-28,2.50632062349609,1.9845238049103835,-2.5922916567649255,1.220479809664659
2023-09-29,-0.40726745702989997,2.0618164718787484,-2.6965368137507717,-0.23839020181369736
2023-09-30,0.2085958120686,2.0319633998691664,-2.656273768106062,0.061195208669863874
2023-10-01,3.6976120856381898,2.0011176783969393,-2.614671929233946,1.805672268473842
2023-10-02,-1.6319145788514702,2.199324168610654,-2.8819943997653237,-0.7803142397783392
2023-10-03,-0.36683170659443,2.1902578803418518,-2.869766633782723,-0.20594885125038623
2023-10-04,1.33777193024826,2.154469165763196,-2.8214981457630173,0.5818243130901962
2023-10-05,-1.3890662255843,2.144978537518877,-2.808698069507035,-0.6868672984917521
2023-10-06,1.91718837881555,2.1310742691941695,-2.7899452862077383,0.8601009441611648
2023-10-07,0.07955652201818,2.153305377264118,-2.8199285361280655,-0.00217937773037229
2023-10-08,-0.12074286830613999,2.1170201252506,-2.770990364619915,-0.09683056559793195
2023-10-09,-1.26593877279272,2.0826926692864323,-2.7246926862467,-0.6482896783131229
2023-10-10,-0.70090060125913,2.0684405399664842,-2.7054707404061116,-0.3795854770260558
2023-10-11,-1.9081220842270499,2.0422495612555283,-2.670146785438248,-0.975576888265441
2023-10-12,-0.43453816471784995,2.052722396576303,-2.684271571202827,-0.25273147181869615
2023-10-13,0.39380057832314,2.023563901801743,-2.6449453067010587,0.15297327168341027
2023-10-14,-0.0024866641728849004,1.9945509584405363,-2.6058153484018023,-0.04348650587738347
2023-10-15,1.10307603158705,1.9651348879821418,-2.5661416897855567,0.5184512523866139
2023-10-16,4.8854397304765405,1.9563479921930051,-2.554290742381559,2.4541596698706325
2023-10-17,-0.36433994327751,2.323368277229985,-3.04929355094462,-0.19307715245919468
2023-10-18,-0.30807197496862,2.282026394981868,-2.993535467104542,-0.17191797765153258
2023-10-19,1.3724231161472,2.241928328608901,-2.9394549263775716,0.5745829212758203
2023-10-20,3.2985768982552304,2.2292547360456503,-2.922361964028744,1.441884347480569
2023-10-21,0.79012999160781,2.355376684469386,-3.092463512189507,0.2996890512070042
2023-10-22,0.25198299552346,2.3186968115285556,-3.0429931126947816,0.07233960338644041
2023-10-23,9.812340552916151,2.2760939738749646,-2.9855343695379593,4.274028786496174
2023-10-24,2.4342751787774097,3.4476547150704993,-4.565626481437387,0.6816302632339664
2023-10-25,1.7581001125126499,3.4225111227376135,-4.531715143755086,0.4890709378819147
2023-10-26,-1.0083818433932,3.3693759325041803,-4.460051343492842,-0.3242829690378946
2023-10-27,-0.72531692565718,3.295458320041685,-4.360358145969647,-0.2456612206374438
2023-10-28,0.52875149613988,3.2206775434866084,-4.2595007930373425,0.13801509226986913
2023-10-29,1.30824822181381,3.146409748961016,-4.15933530253251,0.3890144423859319
2023-10-30,-0.10462557765205001,3.090168247223996,-4.0834819983620765,-0.06112125630240463
2023-10-31,0.47829388016928004,3.0184650658590515,-3.986775419446478,0.13054465888047478
2023-11-01,2.19528756206894,2.950977981314634,-3.895755119607047,0.7153690022873065
2023-11-02,-1.41816430381389,2.9397279634110927,-3.880582142293064,-0.5110723544210721
2023-11-03,-0.59112069551456,2.8900101904626623,-3.8135274364680334,-0.23369124633104502
2023-11-04,1.00229586936837,2.8287084021467237,-3.7308492886286833,0.324546171272931
2023-11-05,-0.09365213169942001,2.777243729441938,-3.6614385269644307,-0.06405686242714033
2023-11-06,-0.03419870125078,2.716849299839379,-3.579984140126334,-0.043597592645960526
2023-11-07,1.15264053036003,2.658556421202716,-3.501364129677957,0.4018688992399173
2023-11-08,0.5955525293474601,2.6182541187451265,-3.4470081343245806,0.19528400161113332
2023-11-09,2.86922398244655,2.5672585411669195,-3.3782300445169167,1.0848048803750752
2023-11-10,1.6778346050335398,2.6244089248138662,-3.4553091640343694,0.6072168106738484
2023-11-11,-0.47256823184085,2.6052109223517737,-3.4294166847220096,-0.21373226055043576
2023-11-12,-0.22517425920813,2.5536125530411895,-3.3598256055165656,-0.12117094531185105
2023-11-13,-1.50135370550295,2.502188648492122,-3.2904698281471965,-0.6336864705475154
2023-11-14,-2.6784357839794297,2.473884616928663,-3.252295984115229,-1.1167397027648744
2023-11-15,6.3846199276277105,2.4915266967112544,-3.2760899796988694,2.5287188566512024
2023-11-16,-4.6629756190665,2.9753394411432867,-3.9286115897464677,-1.595523838801545
2023-11-17,1.21487469666803,3.069751319997873,-4.055945546751125,0.3683116940119869
2023-11-18,-0.03000850156649,3.0140028386418556,-3.980757182594158,-0.037909018500479
2023-11-19,2.16533913915046,2.944854151727418,-3.8874958680931204,0.7066868660118995
2023-11-20,0.24153344549944,2.93237850125123,-3.870669871612457,0.05363702456154533
2023-11-21,-4.53926219219482,2.8663836858865683,-3.781662205584361,-1.613012103984556
2023-11-22,4.42013894678368,2.9620708779669607,-3.9107161863978055,1.4638034461739717
2023-11-23,-0.38199994154339,3.122243663938347,-4.126742335751424,-0.14933149988663955
2023-11-24,1.14828809236318,3.050684126528094,-4.030229490435587,0.34878691481246693
2023-11-25,0.20263429356006,2.9939324607080553,-3.9536881244216593,0.03954160867342412
2023-11-26,-0.8440249841092,2.9255818174825445,-3.8615031369888513,-0.31729564572972974
2023-11-27,-0.60201767439203,2.8659957548470882,-3.781139000295988,-0.2394515278103492
2023-11-28,1.53673136112324,2.8057103483915573,-3.6998316537338036,0.517687784183364
2023-11-29,0.07241750284946999,2.7718721340069843,-3.6541938188783405,-0.004268553664308573
2023-11-30,-0.38571889984719,2.7114264273055264,-3.5726702742606746,-0.173328799527229
2023-12-01,2.55507301146291,2.655012781057836,-3.496584797592604,0.9306258867327863
2023-12-02,2.01524431387198,2.6830954134505727,-3.5344600390246903,0.7196892501055561
2023-12-03,1.26377705204898,2.6771565802732553,-3.5264502934541877,0.44058971856046836
2023-12-04,4.88565668865632,2.639497030347822,-3.475658596803328,1.8190614521053394
2023-12-05,4.88252345597306,2.890665757077444,-3.8144116037164033,1.6599200569699173
2023-12-06,-0.76105157033996,3.1084227817945793,-4.108102015973746,-0.27193886336659273
2023-12-07,-1.04271600369862,3.0408790762580766,-4.017005351008875,-0.37060513201645506
2023-12-08,1.9985683234800398,2.97986073484917,-3.9347094899824864,0.6424189269277564
2023-12-09,-1.00263491847272,2.957313844919831,-3.9043003428742815,-0.3675241666162302
2023-12-10,0.12276882664217001,2.8988875846833535,-3.8255004397354706,0.0132876621506857
2023-12-11,-5.96686466968368,2.8338104153598778,-3.7377304092991186,-2.1353277638791175
2023-12-12,0.49916781642912994,3.042172835707338,-4.018750253367404,0.13638884147375427
2023-12-13,3.41627495710383,2.974031092248727,-3.9268470105016933,1.120373481630394
2023-12-14,0.31014611592024,3.0421520326301663,-4.018722196112679,0.07425556832570764
2023-12-15,-2.57616788095838,2.9725275660945463,-3.924819194330736,-0.8950017147386282
2023-12-16,0.7374628549158,2.956740491270358,-3.903527056823456,0.2209235031076629
2023-12-17,-2.09434224084716,2.8949244766569464,-3.820155368403752,-0.7525556007482013
2023-12-18,2.9979669511789,2.8658356738230517,-3.780923097906594,1.0167078280130044
2023-12-19,-0.83165707186143,2.9101842336211563,-3.8407363086493644,-0.31472456248099573
2023-12-20,3.21647372447504,2.851017191089384,-3.7609373072817793,1.098633970521281
2023-12-21,0.49565656400485,2.9130014113730764,-3.8445358558577194,0.1412313686476548
2023-12-22,0.2930565787194,2.8495571395977413,-3.7589681256902576,0.07327706751821654
2023-12-23,-0.58893923989771,2.786826833391348,-3.6743633258464103,-0.2415609824176169
2023-12-24,-1.66777025964801,2.729403653254029,-3.5969162838069453,-0.6419056578030555
2023-12-25,1.3783631646973,2.6951514344519834,-3.5507200783170476,0.4801636599526947
2023-12-26,-2.5374479539831096,2.6605752555639834,-3.504086945608281,-0.9853874030830403
2023-12-27,2.14623912043396,2.660461719222651,-3.503933818355852,0.7750495779478322
2023-12-28,-1.8938483263033399,2.6629538724281243,-3.5072950027000753,-0.7428208706836363
2023-12-29,-1.24743793520085,2.638668850438789,-3.474541624805648,-0.5046814884647165
2023-12-30,0.13648832366826,2.5979226750278386,-3.419586974915952,0.020107964092356944
2023-12-31,0.25653289520555,2.5440257694205846,-3.3468958438364784,0.06772081850440854
2024-01-01,4.40216648373255,2.4925790483328067,-3.2775092936428165,1.7323089908890006
2024-01-02,1.77426040136055,2.7063864011350174,-3.5658727559453536,0.6244529653443812
2024-01-03,-4.80649535787556,2.687353921558926,-3.540203518499431,-1.8199109192296243
2024-01-04,3.06073577182868,2.818972912841564,-3.717718966558599,1.0558761918092572
2024-01-05,-0.03900828451524,2.871432826560827,-3.788472016694219,-0.04292549391341623
2024-01-06,-0.39363041275102,2.807451244591145,-3.7021796125342985,-0.1702183792063306
2024-01-07,-0.1048480800776,2.747483041515947,-3.621300080375164,-0.06882570884854096
2024-01-08,6.66242663558733,2.6882248198430045,-3.541378105066351,2.447033893603967
2024-01-09,-1.7845417106437702,3.1738035189158964,-4.196281470408299,-0.5888175141623732
2024-01-10,1.05220327519486,3.1230499690329188,-4.12782980503485,0.309938648753198
2024-01-11,-0.55742411475225,3.0610940832817812,-4.044269471439841,-0.2096222739643454
2024-01-12,-7.8842628832994395,2.9931313126649655,-3.9526076104894,-2.6622661817027575
2024-01-13,-0.02517086641855,3.3595108565146994,-4.446746246961219,-0.03257029338376587
2024-01-14,-2.4720775355358797,3.2782074854864267,-4.337091825542564,-0.7797941206154763
2024-01-15,1.69785640464201,3.243296671324874,-4.2900073679152415,0.4975206342066689
2024-01-16,1.5011364505806302,3.195758014064894,-4.2258916505601745,0.44336494081863176
2024-01-17,-0.9599712825862,3.143418774004208,-4.155301353826343,-0.3321926683857372
2024-01-18,-3.5253906004379902,3.0772124271215398,-4.066008393770146,-1.1730226865158508
2024-01-19,0.85991277380745,3.0975945110903695,-4.093497852037888,0.2504083033548288
2024-01-20,0.11329834535462,3.0326066907676203,-4.005848327219632,0.009578874055437347
2024-01-21,-0.28794349245568,2.962708027412952,-3.911575514282662,-0.1256259060346087
2024-01-22,-5.03089102812559,2.896334367292801,-3.8220568977005445,-1.7660738600118133
2024-01-23,0.8523584257922301,3.0236603441804952,-3.99378232741649,0.2540328444848295
2024-01-24,0.57937057279868,2.9613346720184346,-3.9097232603197156,0.1671952818007993
2024-01-25,-0.35811572894939,2.8970639978407386,-3.8230409554901734,-0.15269428534653606
2024-01-26,4.60765744948172,2.83352049273052,-3.7373393886344606,1.5963915112957807
2024-01-27,0.72241128553969,3.0277930130616433,-3.999356086651141,0.21076800659180903
2024-01-28,-0.20072560173076,2.963064986496997,-3.9120569474795395,-0.09617574735400733
2024-01-29,2.9364415736914298,2.896252518819595,-3.821946508096031,0.9847871231372454
2024-01-30,-0.77837449899362,2.9340155513566724,-3.872877772464234,-0.29400794634467015
2024-01-31,-0.8651552809046901,2.873225852925518,-3.7908902838105996,-0.33043161843406316
